id,name,created_at,advertisers_entities.id,entities.short_name,countries.name,countries.alpha2,advertisers_platforms.advertiser_platform_ref,advertisers_platforms.advertiser_platform_name,platforms.name
29716ef7-b85a-4bb0-b2b6-c9459e4a4d4b,Paulo Rabello de Castro,2022-08-16T15:23:51.780Z,ee35420a-17e9-4c1e-ac6a-b84aec6afb12,PL,Brazil,br,230562650621718,Paulo Rabello de Castro,Facebook
0e83be22-c2c8-4b69-8bd1-f60d97603a82,João Amoêdo,2022-08-16T15:23:51.915Z,6192902d-1ecd-4c43-8c70-30f4914a99b9,OUT,Brazil,br,353551475083023,João Amoêdo,Facebook
bdd0101e-941a-4071-8653-a15b82d8b16c,Lula,2022-08-16T15:23:52.847Z,f41c96bb-2a06-4b95-9d80-441fe0023b7f,PT,Brazil,br,1635179913217669,Lula,Facebook
12d7f3b8-224d-4cc3-9bd3-2b0a054a7e20,Flávio Rocha,2022-08-16T15:23:52.989Z,61e50851-d8c4-4b2e-9a7d-df5d13074a7d,OUT,Brazil,br,2184151571815037,Flávio Rocha,Facebook
777ec5fa-9ecd-4942-b4b9-6167798d7e65,CAPI 40,2022-08-16T15:23:53.394Z,271d34bd-8caf-40d4-aa13-bb3fbaf5687a,OUT,Brazil,br,363977866998324,CAPI 40,Facebook
fd8350da-b9ec-45be-ba92-00b95f8bd571,CAMILO,2022-08-16T15:23:53.523Z,40e25678-c346-4458-bbc6-1aa3fb96f033,PT,Brazil,br,1563383537227567,CAMILO,Facebook
5547a8a5-8f18-4b35-b618-156d3247c6c6,ALEXANDRE GUERRA,2022-08-16T15:23:53.648Z,0c748066-4be5-452d-84af-27bb94bcdbc4,PSB,Brazil,br,178740996252538,ALEXANDRE GUERRA,Facebook
f5b70b2e-c4e9-4077-ae0a-1396d8d3cd7a,MARCELO LIRA,2022-08-16T15:23:53.773Z,a45230e1-42ca-463d-a8f7-1433fa869f50,PP,Brazil,br,263387941149783,MARCELO LIRA,Facebook
cd0abc68-64fe-498f-a4b8-41cdaef538c3,REINALDO AZAMBUJA,2022-08-16T15:23:54.042Z,f4546728-9b0e-44bb-856f-7a3d2c1d1791,SDB,Brazil,br,360282804039745,REINALDO AZAMBUJA,Facebook
6a8a5a92-95cd-4da5-8b1c-d1634fe14d9d,HELDER,2022-08-16T15:23:54.207Z,38a62dd2-ac11-4021-b66b-847718edc991,MDB,Brazil,br,425605314227010,HELDER,Facebook
0144dbf4-540d-4227-bbd8-d134808dd666,ANA PATRICIA ALVES,2022-08-16T15:23:54.334Z,74cd409e-5ab5-4c55-9546-26b710d0a650,PT,Brazil,br,217597029110950,ANA PATRICIA ALVES,Facebook
0719b551-c13e-4037-92bc-c1b1f1d9dd12,CARLOS MASSA RATINHO JUNIOR,2022-08-16T15:23:54.495Z,097d5c0c-562a-4e1e-b9f4-e5398b85299f,SDB,Brazil,br,179766322036178,CARLOS MASSA RATINHO JUNIOR,Facebook
97a33ec1-2792-4ab6-9ef5-a83de977330a,ROBINSON FARIA,2022-08-16T15:23:54.762Z,91dc4baf-fbec-47c3-b337-63a16a6451fd,SDB,Brazil,br,185089368323102,ROBINSON FARIA,Facebook
0b9153bc-09e8-4a4f-84a5-ef5225c37513,CORONEL MARCOS ROCHA,2022-08-16T15:23:54.888Z,f69e0778-c3a0-45ac-ad08-2e597e019c18,PL,Brazil,br,2159697260909968,CORONEL MARCOS ROCHA,Facebook
cd3b5151-71e7-48d4-83b6-bcdbc8adcca3,ROBERTO ROBAINA,2022-08-16T15:23:55.012Z,b364cd54-2821-4f20-82db-daa4e772bda6,PP,Brazil,br,448080838546739,ROBERTO ROBAINA,Facebook
66ac8069-d6f4-4388-b33e-2099cde76381,DÉCIO LIMA,2022-08-16T15:23:55.159Z,e42b35bc-a4bb-4a7c-b177-8437ca55cab4,PT,Brazil,br,297562416980980,DÉCIO LIMA,Facebook
abc2f4f7-1915-4504-90e1-0ff5627f85e6,MILTON ANDRADE,2022-08-16T15:23:55.304Z,0aac906e-b073-4cf1-957e-5c3a675cbdf7,OUT,Brazil,br,1747514938887735,MILTON ANDRADE,Facebook
36689bb9-57c6-4e45-83bf-95dc9363a0a6,PROF. CLAUDIO FERNANDO,2022-08-16T15:23:55.447Z,c3ac006d-2a84-4f8f-bb89-5e9fe3ade2c5,OUT,Brazil,br,703619523030936,PROF. CLAUDIO FERNANDO,Facebook
e93b03a9-ebfc-4d0d-9d60-7cbdfc2fb611,NEY AMORIM,2022-08-16T15:23:55.779Z,229d5511-7647-4e55-b992-2227dcfeccab,PT,Brazil,br,1682675312009704,NEY AMORIM,Facebook
b0b485c5-1664-49dd-b4d0-b2d92c33c05d,SERGIO CABRAL,2022-08-16T15:23:55.921Z,0d0050f7-203d-44b9-a0ba-34b730d192d5,PATR,Brazil,br,1881553665240679,SERGIO CABRAL,Facebook
6c415781-6672-4775-bd46-48dce79a691c,LUCAS BARRETO,2022-08-16T15:23:56.074Z,abc4b9cc-2847-49ff-b1b6-1afb59638502,SDB,Brazil,br,1511825482368761,LUCAS BARRETO,Facebook
7da8ae26-61eb-44ef-a0a8-eba7b9e898f4,FABIO NOGUEIRA,2022-08-16T15:23:56.206Z,552a46bd-b5b9-4909-b63c-6ceb5daf63f6,PP,Brazil,br,451076985102856,FABIO NOGUEIRA,Facebook
d62836aa-9b72-4ec4-a57e-2b7ae0e0027f,ANNA KARINA,2022-08-16T15:23:56.337Z,c8c1bdbe-30c5-4770-a0b6-e0f07db9a1d4,PP,Brazil,br,229368930979598,ANNA KARINA,Facebook
114aed1f-495b-4f5a-8731-3fc2ef641624,CRISTOVAM BUARQUE,2022-08-16T15:23:56.464Z,456af0ca-0ee7-4ea2-be25-58733f6d28fc,SDB,Brazil,br,166860353356903,CRISTOVAM BUARQUE,Facebook
f02b5159-a0bf-4cd8-aa3a-0b723413f68a,LEILA DO VÔLEI,2022-08-16T15:23:56.639Z,0d940a34-a437-4e8b-a4bd-e43f24c39bd9,OUT,Brazil,br,578898368860170,LEILA DO VÔLEI,Facebook
4973fba8-1a17-4218-a80a-2831bcf32c7b,VANDERLAN,2022-08-16T15:23:56.792Z,3ef043b2-5103-4862-bd03-d532260f2ee7,SDB,Brazil,br,206019209573311,VANDERLAN,Facebook
1b507a04-917c-43df-9f98-dbd66d415dc4,ELIZIANE GAMA,2022-08-16T15:23:56.917Z,74c8cc1c-2276-486a-8d79-04a9a5828df9,SDB,Brazil,br,837707072929819,ELIZIANE GAMA,Facebook
71da984d-ccc6-40be-95ce-7c430f1a9cd8,DUDA SALABERT,2022-08-16T15:23:57.050Z,98c61556-d6ed-4d8e-8de1-bae770da6da7,PP,Brazil,br,131804447305799,DUDA SALABERT,Facebook
c4965f17-fc7d-462a-bd65-59948ecf35ac,JAYME CAMPOS,2022-08-16T15:23:57.308Z,89b90b4a-e622-4b53-b398-74fd8fa39f3f,SDB,Brazil,br,401673676620654,JAYME CAMPOS,Facebook
4b561a59-990f-447f-bd69-3a68928bb3ea,ZÉ GERALDO,2022-08-16T15:23:57.555Z,3e7c26f9-bfbf-48dd-82a1-753c0b302ac4,PT,Brazil,br,518055348304399,ZÉ GERALDO,Facebook
841ee319-0034-4b1b-aa6f-acb1885f4853,ROBERTO PAULINO,2022-08-16T15:23:57.668Z,41e72488-9665-4267-871e-aab240a1ee91,MDB,Brazil,br,2573926269499897,ROBERTO PAULINO,Facebook
7ca60e18-bdcd-4555-9fcb-a651b8184206,PASTOR JAIRINHO,2022-08-16T15:23:57.799Z,3b13e53a-6635-4fb0-98b6-dd431a8af0fe,PV,Brazil,br,204215513664113,PASTOR JAIRINHO,Facebook
68fda686-86be-436a-81ba-ef37cf3d08fa,ELIZEU AGUIAR,2022-08-16T15:23:57.926Z,1bbd425b-3259-40d9-a6bc-a7a510794287,PL,Brazil,br,624766221208514,ELIZEU AGUIAR,Facebook
edb79645-570c-4bf9-a9f2-fcb2a1cb95e1,LINDBERGH,2022-08-16T15:23:58.264Z,13903ab7-32d0-44f0-a8f0-034a57db5fce,PT,Brazil,br,223382044339765,LINDBERGH,Facebook
eed100de-1d71-447e-bbdb-b98036038a39,TELMA GURGEL,2022-08-16T15:23:58.381Z,2925740e-c023-43e5-b986-b9ed91f84033,PP,Brazil,br,208152073302916,TELMA GURGEL,Facebook
35e1dca1-8d39-410c-92a6-2885ab0c6d49,MARCOS ROGÉRIO,2022-08-16T15:23:58.465Z,144edafe-35ce-473a-9980-6bfda374f3fa,SDB,Brazil,br,374562535958862,MARCOS ROGÉRIO,Facebook
5655bd6a-1712-434f-be99-06d0f19712da,FABRICIO JURADO,2022-08-16T15:23:58.593Z,d2965935-ef03-4d37-93f7-e93e5fc52960,PSB,Brazil,br,819221691513484,FABRICIO JURADO,Facebook
55e0fa2d-0e99-4c62-8f8f-deec95642f8c,PR.ISAMAR RAMALHO,2022-08-16T15:23:58.716Z,4a999ec5-a713-44cf-a9d6-0a0f3105d2d9,PL,Brazil,br,186879715234612,PR.ISAMAR RAMALHO,Facebook
b2b472e6-f7d6-472f-9c28-33db4efba474,PAULO PAIM,2022-08-16T15:23:58.838Z,b300ade8-7903-47d0-a623-ce263df95fbd,PT,Brazil,br,364042537032048,PAULO PAIM,Facebook
9c08b486-adfa-4e9b-8a9f-b71c757a337e,PROFESSOR ANTONIO,2022-08-16T15:23:59.195Z,a105b2a8-3af7-4310-a021-b1ec64bdfa9c,PP,Brazil,br,2114291192146147,PROFESSOR ANTONIO,Facebook
245319f9-14c1-4904-96f7-d61208dac3d3,PROFESSORA SONIA MEIRE,2022-08-16T15:23:59.320Z,ff81dd92-0717-400d-a48d-5dd4144920ab,PP,Brazil,br,180807939432927,PROFESSORA SONIA MEIRE,Facebook
85206b0f-47a3-4b8f-b690-06532d94d954,EDUCADOR DANIEL CARA,2022-08-16T15:23:59.443Z,582efdcd-b1e6-4aea-9cdc-7b237f844aed,PP,Brazil,br,165114380850360,EDUCADOR DANIEL CARA,Facebook
0306c38e-723f-4d97-80f1-69f8c1dbaf0f,DIOGO DA LUZ,2022-08-16T15:23:59.565Z,d570fb44-948c-42f5-b139-164a0e4437b3,PSB,Brazil,br,1706386976277597,DIOGO DA LUZ,Facebook
b1d411d6-7270-45dc-9ee8-68057ae387e6,ANTÔNIO JORGE,2022-08-16T15:23:59.700Z,be3bce7a-e15c-47fe-830a-7222df11102f,PL,Brazil,br,666815670064133,ANTÔNIO JORGE,Facebook
820b3c98-ab91-4feb-b00e-392750804be7,VANESSA PORTUGAL BARBOSA,2022-08-16T15:23:57.174Z,916876e3-c71c-44c8-bfb5-d1a18507c66b,OUT,Brazil,br,738516006160933,VANESSA PORTUGAL BARBOSA,Facebook
1ad58950-b596-4beb-b98f-3b5000ed5f6c,Lula,2022-08-16T15:23:51.717Z,1d5d88c2-7203-435f-a280-d4dcd70bc424,PT,Brazil,br,267949976607343,Lula,Facebook
f5ba2734-2fde-4bf1-b7c2-ba197ca47703,Flávio Rocha,2022-08-16T15:23:51.872Z,a17f9fd8-66cd-4baa-bd39-86b15871afd6,PL,Brazil,br,1820793861484145,Flávio Rocha,Facebook
55ab25b4-fa6f-4ae0-80aa-4bebc2083db3,Manuela DÁvila,2022-08-16T15:23:52.936Z,791a084f-721a-4a4c-bd3e-4aa765ea7152,PT,Brazil,br,2655417394506704,Manuela DÁvila,Facebook
c84fff9b-1c43-4010-aa7f-794c8c0147b8,Levy Fidelix,2022-08-16T15:23:53.067Z,a844975c-5850-47dc-9da9-95d5e600b3cd,PL,Brazil,br,486051578246044,Levy Fidelix,Facebook
2f45f3e6-5d47-4831-a682-d08e732392f1,RUI COSTA,2022-08-16T15:23:53.437Z,00d76203-fdec-4636-9546-e980d0057b46,PT,Brazil,br,342905935841557,RUI COSTA,Facebook
ad82135f-7db0-473b-9cfd-b39194d628af,FÁTIMA SOUSA,2022-08-16T15:23:53.578Z,eea453c0-77c3-4ca6-b714-e36782f61e45,PP,Brazil,br,139161000292074,FÁTIMA SOUSA,Facebook
7f4390b4-80bc-429f-9a03-a66d6d2192a6,RENATO CASAGRANDE,2022-08-16T15:23:53.716Z,84ae56b2-4d5f-4ef8-afc9-74513d3a1e20,OUT,Brazil,br,240383372683895,RENATO CASAGRANDE,Facebook
3e33e7a7-39ff-4d57-8339-4f2d479eaf99,ROSEANA SARNEY,2022-08-16T15:23:53.846Z,1181a86b-8a39-4a23-ad7c-96032e996243,MDB,Brazil,br,416075151907564,ROSEANA SARNEY,Facebook
e0b0664b-e66f-4b46-9013-ca327ebb5e04,ARTHUR NOGUEIRA,2022-08-16T15:23:54.150Z,24ace75e-0c5e-4d5f-af92-654865ce4684,PV,Brazil,br,2137661313169975,ARTHUR NOGUEIRA,Facebook
3fde653d-0223-4ce1-8917-9b07cb2e7ba5,JOÃO ARRUDA,2022-08-16T15:23:54.522Z,bd3dd64a-7b2c-4c4d-9747-42e9eaf4f3ab,MDB,Brazil,br,189504774422199,JOÃO ARRUDA,Facebook
fe3ab7f7-ff3c-4757-bdb2-29aeb373321e,INDIO,2022-08-16T15:23:54.644Z,9881156a-e64c-48a0-9ccb-a07b58e55b9a,SDB,Brazil,br,500132113477953,INDIO,Facebook
ad46610f-f18d-45ad-bdbd-d2e1105a39b5,FATIMA BEZERRA,2022-08-16T15:23:54.768Z,90f4a492-359b-4b11-8bb5-2497a48ddcb2,PT,Brazil,br,317759544988081,FATIMA BEZERRA,Facebook
4ffe3cd5-e516-4ced-98b1-5315f38c344f,SUELY CAMPOS,2022-08-16T15:23:54.942Z,64eb36dc-f681-43bb-acdf-0bd5fa748dab,SDB,Brazil,br,446777232141952,SUELY CAMPOS,Facebook
84c10acf-b50f-4938-b1dc-9adfe4b004fa,GELSON MERÍSIO,2022-08-16T15:23:55.130Z,523b8a3b-217d-4dd0-98bc-2d2bf1c44771,SDB,Brazil,br,253924171381801,GELSON MERÍSIO,Facebook
d6857b7e-7642-4534-b979-a856c8b6782e,EDUARDO AMORIM,2022-08-16T15:23:55.258Z,35cb93d9-9f35-452b-86b8-8a83ec5c1baf,SDB,Brazil,br,384807388247573,EDUARDO AMORIM,Facebook
83c8c656-0bda-4364-822a-92a0d73153aa,PAULO SKAF,2022-08-16T15:23:55.392Z,e54bfd35-d3a8-4458-b1da-4edf55a17336,MDB,Brazil,br,226117357411839,PAULO SKAF,Facebook
732b880f-dce9-4b3a-b842-b08c66266e02,MAURO CARLESSE,2022-08-16T15:23:55.532Z,b2878fd4-b1fc-4f7b-8eeb-7b06f78f21e5,MDB,Brazil,br,529397387216591,MAURO CARLESSE,Facebook
4cdc7d39-23db-4d8c-b176-ac81f47c8720,CARLOS AMASTHA,2022-08-16T15:23:55.781Z,83c51fcd-2390-47b3-8532-ffbbe1d9be90,OUT,Brazil,br,532509586762627,CARLOS AMASTHA,Facebook
efe6574a-d58a-43f0-a45e-916c4818618d,CICERO ALBUQUERQUE,2022-08-16T15:23:55.910Z,feb8e62c-3b2b-4a4c-a9bb-67587364d8ba,PP,Brazil,br,244238589758032,CICERO ALBUQUERQUE,Facebook
8e9f437c-ba78-4b20-8089-63416be4a7cb,LUIZ CASTRO,2022-08-16T15:23:56.043Z,e2ded1d2-74e1-4cbe-9095-977ef6d8a194,PV,Brazil,br,534445586687209,LUIZ CASTRO,Facebook
a2ba9c3c-cef0-4823-accc-6b249f97b15a,JANETE CAPIBERIBE,2022-08-16T15:23:56.172Z,6a1f8f85-c38d-4703-ae5b-8bb2b3dd5584,OUT,Brazil,br,263657017084590,JANETE CAPIBERIBE,Facebook
4c845b4b-b63a-4683-b36a-218be755daa9,JOÃO SARAIVA,2022-08-16T15:23:56.431Z,7b793d77-7c49-49b1-b988-cf7357beca2e,PV,Brazil,br,2017481468564649,JOÃO SARAIVA,Facebook
d8c07b25-d9a5-4aa8-b2ee-3e990ecec05c,MARCELO,2022-08-16T15:23:56.570Z,7f9c92b0-cc31-42d1-b3b6-2abea64f49ed,PT,Brazil,br,2063733520554338,MARCELO,Facebook
9fa45c19-397a-4c41-88be-c232affb7eef,RICARDO FERRAÇO,2022-08-16T15:23:56.675Z,1445a1d6-82c7-4f26-b8f7-6b0adce9f59d,SDB,Brazil,br,490371597647024,RICARDO FERRAÇO,Facebook
8f1a67d9-0f79-4658-b59c-3f1da0e3bd47,PROFESSORA MAGDA BORGES,2022-08-16T15:23:56.801Z,647c1745-8e52-448b-bb54-d9da9d35bc9f,PP,Brazil,br,633674330366956,PROFESSORA MAGDA BORGES,Facebook
ed1275d7-c293-49e4-9ebb-75c438b7b9f7,ALEXANDRE ALMEIDA,2022-08-16T15:23:56.923Z,a2bea6cf-f2ed-46ea-9a89-7086773a2b28,SDB,Brazil,br,373379569372831,ALEXANDRE ALMEIDA,Facebook
63ed734f-7c1f-4fc7-9612-1af6d92e8819,ANA ALVES,2022-08-16T15:23:57.075Z,985a2157-5330-4c3b-b729-501a77d36e4c,PT,Brazil,br,310823059726104,ANA ALVES,Facebook
4a311c45-7344-4efe-9bd8-c66392746f10,MARCELO MIGLIOLI,2022-08-16T15:23:57.204Z,3ed5d029-8ce5-4ecf-82bb-0037fbf816ce,SDB,Brazil,br,152490758561520,MARCELO MIGLIOLI,Facebook
f5e319f2-1e67-4354-9249-90d89c8c8a0a,NILSON LEITÃO,2022-08-16T15:23:57.326Z,4c724ee5-49f7-4fdf-8d32-35c5bde7f6cc,SDB,Brazil,br,270568226309939,NILSON LEITÃO,Facebook
64841c6d-a1c9-48b8-91d8-6371c6368883,MÁRIO COUTO,2022-08-16T15:23:57.471Z,b2b59f20-d8ae-44bc-91be-26571116974f,SDB,Brazil,br,125433567654197,MÁRIO COUTO,Facebook
476feb3d-0321-42e5-beec-5bc9d334f512,BRUNO ARAUJO,2022-08-16T15:23:57.703Z,2596abed-98fb-4bb8-886b-319b75fa2df7,SDB,Brazil,br,244967188956849,BRUNO ARAUJO,Facebook
53a0b800-eea6-452e-9229-d35530b4287b,CIRO NOGUEIRA,2022-08-16T15:23:57.833Z,f3839cc5-12bf-4d65-be67-5a1f0c72ee6c,SDB,Brazil,br,274527822566791,CIRO NOGUEIRA,Facebook
6b9098cc-8b0b-43e0-9697-f4a513aa03fb,JACQUE PARMIGIANI,2022-08-16T15:23:58.006Z,9e3064b5-ee88-42b1-a025-ab98e4b4c55d,PP,Brazil,br,183615648955498,JACQUE PARMIGIANI,Facebook
df28d3c8-d600-4929-861c-788dbbb56774,COMPADRE LUIZ ADÃO,2022-08-16T15:23:58.142Z,385ee027-6164-48b0-9651-717bae14ed73,OUT,Brazil,br,135108753363588,COMPADRE LUIZ ADÃO,Facebook
2554d032-54db-4f7f-8f73-0e276bc7d7bd,FLÁVIO BOLSONARO,2022-08-16T15:23:58.249Z,9fb2043b-8d9b-4b40-a9c9-bb85d26db23b,PL,Brazil,br,156951837773645,FLÁVIO BOLSONARO,Facebook
dcf5691e-c40e-490f-94d9-b52c1b103f9a,PROFESSOR LAILSON,2022-08-16T15:23:58.360Z,c9408400-4915-4569-9b93-1016808c91bb,PP,Brazil,br,216139038978680,PROFESSOR LAILSON,Facebook
a9d5c7e4-125b-40ee-b616-4ac994727d11,CARLOS MAGNO,2022-08-16T15:23:58.503Z,b322a537-9068-4a02-be85-6982b71fe1ef,SDB,Brazil,br,172845726214038,CARLOS MAGNO,Facebook
48bb521f-f003-4959-b2f7-62abd60c49ca,RUDSON LEITE,2022-08-16T15:23:58.727Z,9aabffb8-39c4-4386-9c8c-15a52eb1575a,PV,Brazil,br,1834218176882656,RUDSON LEITE,Facebook
edc60f4d-1661-4f24-8b29-7503c1d89e9a,LÉDIO ROSA,2022-08-16T15:23:59.195Z,28d502fe-4287-4c81-8c64-e5381b30b876,PT,Brazil,br,386227705205299,LÉDIO ROSA,Facebook
367a8afc-1467-42fa-955f-64f034af2371,ROGERIO CARVALHO SANTOS,2022-08-16T15:23:59.326Z,98a63ae1-09c3-4d25-b010-6c19852ae74d,PT,Brazil,br,217947255001794,ROGERIO CARVALHO SANTOS,Facebook
de891a07-390e-4df9-9d0f-734df1fe56ca,SILVIA FERRARO,2022-08-16T15:23:59.449Z,5a8b39da-4703-43e6-bf72-95167158ad8c,PP,Brazil,br,411137349312986,SILVIA FERRARO,Facebook
7b6712fb-36ff-4be9-afc9-927b300602b8,BENEDITA DO AMARAL,2022-08-16T15:23:57.573Z,1bfc59cd-a17d-415a-bdb8-ae124522e95b,OUT,Brazil,br,337819553425827,BENEDITA DO AMARAL,Facebook
9e6c2548-a312-492e-9df4-60463014ecd4,TITO PAZ,2022-08-16T15:23:58.598Z,ab37badc-d3e7-420a-bd19-901059a58a62,OUT,Brazil,br,195604217962867,TITO PAZ,Facebook
b921e951-dae9-4661-bd0c-0f39da17f0bd,JOÃO AUGUSTO,2022-08-16T15:23:58.876Z,99466f56-f7dc-4346-9c2c-ce8075015f2c,OUT,Brazil,br,270334623700272,JOÃO AUGUSTO,Facebook
3937b868-ee92-43f1-b3d3-af61b7beabd6,Ciro Gomes,2022-08-16T15:23:51.654Z,c2c21198-f593-44df-94f9-6d857a4eccd2,PT,Brazil,br,1216504185136925,Ciro Gomes,Facebook
17618968-4213-4acf-b35c-a0493326beb5,Levy Fidelix,2022-08-16T15:23:51.790Z,53d7e571-fe6b-4f2a-9b37-97317198a976,PL,Brazil,br,100171323500740,Levy Fidelix,Facebook
10362cbb-3a0d-4064-9eaa-6b0caaa6e6bd,Geraldo Alckmin,2022-08-16T15:23:52.936Z,e3322217-8373-4b25-a31f-97723a93cb88,SDB,Brazil,br,10157616737632837,Geraldo Alckmin,Facebook
185289dd-1727-4831-b3d7-a2259426722a,João Amoêdo,2022-08-16T15:23:53.066Z,d25b41c6-a5e8-426b-9f96-6f3b1aceba0c,OUT,Brazil,br,427403584364478,João Amoêdo,Facebook
1dba21e2-3daf-4962-b247-0b65a18631c5,MARCUS ALEXANDRE,2022-08-16T15:23:53.188Z,9e182075-a181-4c53-b598-cfbbd5dc21c5,PT,Brazil,br,124520244358616,MARCUS ALEXANDRE,Facebook
9028b9d6-dc8f-462d-95ad-a15eae415b97,BERG DA UGT,2022-08-16T15:23:53.312Z,c97ea0dc-a303-4dae-8706-8b946fd10cf5,PP,Brazil,br,2519248814813123,BERG DA UGT,Facebook
ad41b089-a5c9-4720-9853-84dec70f1336,ORLANDO ANDRADE,2022-08-16T15:23:53.444Z,20e4b6dc-41c8-4c19-8089-cfa28bb74d1b,PT,Brazil,br,2967116276741969,ORLANDO ANDRADE,Facebook
e772219d-2cd3-4228-a290-62051af45b64,ROGÉRIO ROSSO,2022-08-16T15:23:53.572Z,ae66115c-28cc-4a66-8979-e65a36f82fae,SDB,Brazil,br,350908065015562,ROGÉRIO ROSSO,Facebook
7606aa45-c0e6-45b8-b651-46985c43efa3,MANATO,2022-08-16T15:23:53.699Z,adb49cc7-ee20-4c21-85ae-3ee6cab51802,PL,Brazil,br,172779819443505,MANATO,Facebook
76e8d92d-a59b-4ee2-8c5b-150f363c9934,ROBERTO ROCHA,2022-08-16T15:23:53.823Z,5ef148f9-82ea-4a59-80a3-a42c3d4d3097,SDB,Brazil,br,575997129087857,ROBERTO ROCHA,Facebook
dd7ba1e2-48df-4844-b9e2-9350f1b8dc31,ROMEU ZEMA,2022-08-16T15:23:53.962Z,6a824c66-e4e5-429d-9adf-06432f933aef,PSB,Brazil,br,655132991340181,ROMEU ZEMA,Facebook
123c07d7-358e-49f7-82c8-f7bec739b9b3,WELLINGTON FAGUNDES,2022-08-16T15:23:54.092Z,041348fd-8020-48bf-971d-131e34e41150,SDB,Brazil,br,1501236886772782,WELLINGTON FAGUNDES,Facebook
ab8258b0-9846-41a2-a1b8-79b49ec9d3df,LUCÉLIO CARTAXO,2022-08-16T15:23:54.233Z,74defff0-91b1-450b-a230-69c0cee9d840,PV,Brazil,br,739431349414730,LUCÉLIO CARTAXO,Facebook
d0cd1215-ef7a-4b0f-bca5-2df8d12c0454,PIVA,2022-08-16T15:23:54.495Z,2ef7015d-df73-4686-aca2-ed55f41b37f0,PP,Brazil,br,1614808391966288,PIVA,Facebook
6908c4f8-17f3-4194-9815-083f5f9f793a,EDUARDO PAES,2022-08-16T15:23:54.629Z,f7cf0220-ed8f-4974-9ddd-64e15cf6165b,SDB,Brazil,br,165276720205822,EDUARDO PAES,Facebook
5c5549ef-bd19-4dcd-884a-63efbd709d25,PROFESSOR CARLOS ALBERTO,2022-08-16T15:23:54.763Z,797a045f-035d-41cf-91a8-c949ef9294a4,PP,Brazil,br,1457295141212597,PROFESSOR CARLOS ALBERTO,Facebook
d824cf9e-b561-4cf8-8198-8d53b59bf237,JOSÉ IVO SARTORI,2022-08-16T15:23:55.032Z,753194f1-61e6-4e55-828e-76349a2dfc96,MDB,Brazil,br,738359506271424,JOSÉ IVO SARTORI,Facebook
d2aca762-dc1a-4f4f-9f6f-6b7241070bed,COMANDANTE MOISÉS,2022-08-16T15:23:55.149Z,bdd27eaa-2334-4155-ae7c-6fa0639e63a8,PL,Brazil,br,905017009683992,COMANDANTE MOISÉS,Facebook
fb75950d-59bb-460d-aaee-4e4546b5ecd8,VALADARES FILHO,2022-08-16T15:23:55.285Z,b7f60cc8-9cd7-47c8-9775-c368de0418bb,OUT,Brazil,br,246704148702671,VALADARES FILHO,Facebook
e8057111-ad27-4360-8449-f8663ec95f4d,MINORU KINPARA,2022-08-16T15:23:55.781Z,5509deeb-a105-4f02-914b-7cbb84d35578,PV,Brazil,br,929183603805201,MINORU KINPARA,Facebook
f7269ed4-acec-4fd9-8163-3a4f5781068e,ALFREDO NASCIMENTO,2022-08-16T15:23:55.924Z,4f2f1b41-5463-4b0f-b062-b08116eef066,SDB,Brazil,br,636160776469166,ALFREDO NASCIMENTO,Facebook
5d9599a5-6682-4059-ad52-9ddf24533985,FÁTIMA PELAES,2022-08-16T15:23:56.075Z,69014477-2209-4062-b2ea-552cc6ece2f6,MDB,Brazil,br,290928167588423,FÁTIMA PELAES,Facebook
d176b484-d93f-41f9-9b7b-4cb6fef9cb0e,COMANDANTE RANGEL,2022-08-16T15:23:56.207Z,edfbd4a8-fc50-4fba-827e-2ea2cc201312,PL,Brazil,br,223065508379252,COMANDANTE RANGEL,Facebook
34153d18-7f41-4f32-a617-f837da27e466,PASTOR SIMÕES,2022-08-16T15:23:56.350Z,8bfa2568-761b-408a-b54c-13e2b672c965,PP,Brazil,br,290346481323612,PASTOR SIMÕES,Facebook
d0bd78d1-eff3-4521-83f7-d3ec06bc107f,IZALCI,2022-08-16T15:23:56.486Z,a157582e-d494-4726-9299-82d3658d7b21,SDB,Brazil,br,1385505868350890,IZALCI,Facebook
53de9ce7-e728-49af-b816-b271025eda84,DINIS PINHEIRO,2022-08-16T15:23:57.049Z,32d5cb10-c4b0-4342-bc96-9c3e65ff2b99,SDB,Brazil,br,345741608845336,DINIS PINHEIRO,Facebook
f6c0523a-8922-4a46-8494-38a2654bc318,ZECA DO PT,2022-08-16T15:23:57.293Z,a59a6cbd-687c-4e99-a1f6-716f15bda3e8,PT,Brazil,br,383981165014564,ZECA DO PT,Facebook
42cf8be4-463c-4b8a-8997-a973a167ef70,DR WALDIR CALDAS,2022-08-16T15:23:57.425Z,404951c8-70ad-404f-9953-a7fb475ce824,PSB,Brazil,br,150957962131661,DR WALDIR CALDAS,Facebook
7a681e9a-20aa-4694-9e68-25b505b1e02a,PROFESSOR NELSON JÚNIOR,2022-08-16T15:23:57.661Z,82c92804-a011-45e5-9b68-af8b52bc7aa6,PP,Brazil,br,1715112762081989,PROFESSOR NELSON JÚNIOR,Facebook
c3044abf-fa5d-43d2-b900-d84ec3eb5910,HUMBERTO COSTA,2022-08-16T15:23:57.780Z,6db6a1ed-89ae-40d4-8514-292740cad413,PT,Brazil,br,174217422747805,HUMBERTO COSTA,Facebook
498b1119-f617-4f93-8342-1a501fd0462f,ANTÔNIO JOSÉ LIRA,2022-08-16T15:23:57.901Z,3e212367-776e-4e20-91b9-3a27a73c08a8,PL,Brazil,br,162123460848255,ANTÔNIO JOSÉ LIRA,Facebook
a633b519-05fc-440c-8ac6-c79e07336901,MECIAS DE JESUS,2022-08-16T15:23:58.692Z,3a23c196-6eb7-4571-a864-7b8314044720,SDB,Brazil,br,264298597018120,MECIAS DE JESUS,Facebook
d9b74a63-4863-44ec-a9c4-9102be430e66,JOSÉ FOGAÇA,2022-08-16T15:23:58.813Z,f7dd1244-ff2e-4039-89ee-4aa539f43641,MDB,Brazil,br,254341401274227,JOSÉ FOGAÇA,Facebook
ba1f046c-0794-4bed-afee-a445d75948de,RAIMUNDO COLOMBO,2022-08-16T15:23:58.950Z,2baae718-b0b8-40b3-8102-0b93a254c819,SDB,Brazil,br,140543869439784,RAIMUNDO COLOMBO,Facebook
6deb3509-dd4a-4941-8e2a-f5adf367f39b,DIEGO MEZZOGIORNO,2022-08-16T15:23:59.196Z,da2c9b9e-82fe-4be7-9c73-b1d4d1b77ebd,PV,Brazil,br,170488203720233,DIEGO MEZZOGIORNO,Facebook
72f7cbbd-b628-4de5-9303-81353cc00489,VALADARES,2022-08-16T15:23:59.339Z,e227798c-558a-49d0-8192-2943eb74a1cc,OUT,Brazil,br,441992419255336,VALADARES,Facebook
7fbe9f81-5a36-402a-89c0-0db6d6df720d,NIVALDO ORLANDI,2022-08-16T15:23:59.470Z,5bcbf593-87f0-4b4d-b6e5-e5b74c50c4dc,PT,Brazil,br,711719448960427,NIVALDO ORLANDI,Facebook
e298e360-398e-45e5-890c-123b89752536,VICENTINHO,2022-08-16T15:23:59.603Z,33232be7-9650-405e-9c49-d5782236dc45,SDB,Brazil,br,128657703838969,VICENTINHO,Facebook
3793fe63-465f-4c6a-b1be-2b601b8ebe21,PEDRO NAZARENO,2022-08-16T15:23:54.894Z,2cb988a2-a36f-47b1-8ff1-e06bdd7041c2,OUT,Brazil,br,1746651192086267,PEDRO NAZARENO,Facebook
5fcb4858-ee23-4a0a-9ced-3d6978bcc031,Manuela DÁvila,2022-08-16T15:23:51.753Z,b6160266-f781-4e75-beb7-37f9c7fecd0a,PT,Brazil,br,126702654044870,Manuela DÁvila,Facebook
8b6a9581-560f-45d4-ac68-54492db7342a,Guilherme Boulos,2022-08-16T15:23:51.885Z,08faca85-5f18-4388-9688-81a44cf9d626,PP,Brazil,br,398845206932703,Guilherme Boulos,Facebook
70a511d0-fb8b-4866-b26a-ee6d7ad777d4,Cristovam Buarque,2022-08-16T15:23:52.987Z,6cc2ec7b-ce14-485d-a2b9-f0e41bc9bca2,OUT,Brazil,br,645753848800882,Cristovam Buarque,Facebook
2162730d-138c-4c0c-8a20-491677621619,Valéria Monteiro,2022-08-16T15:23:53.121Z,dd59f855-6b12-4e56-ad4c-3d56ca7a2e63,OUT,Brazil,br,10212979202008520,Valéria Monteiro,Facebook
0fb3f990-e31f-47ed-892c-0763d16695a1,JOSAN LEITE,2022-08-16T15:23:53.259Z,2f68038f-4861-4941-9366-b4f6b5e769a1,PL,Brazil,br,1620627168251133,JOSAN LEITE,Facebook
90a2a1e8-04a9-4afb-b628-71b1f268e149,DAVI,2022-08-16T15:23:53.376Z,f1b54ea5-0236-47c0-8bc5-28ac817c2e7b,SDB,Brazil,br,580813708692882,DAVI,Facebook
6e04fce2-d6fa-4bee-a7e9-86ade7ddc8de,GENERAL THEOPHILO,2022-08-16T15:23:53.449Z,ab4052cf-c81e-4786-8c38-511f9c6400cd,SDB,Brazil,br,1617713181847804,GENERAL THEOPHILO,Facebook
c48dcfd1-8cd4-4da6-b809-f85912733f6f,ALBERTO FRAGA,2022-08-16T15:23:53.561Z,275c4181-13b1-4391-a4ba-84f2649dc957,SDB,Brazil,br,582844548455013,ALBERTO FRAGA,Facebook
7575655e-864b-40ed-837a-95c70454ba43,ANDRE MOREIRA,2022-08-16T15:23:53.686Z,bfbcfdab-6f69-4768-955e-146f08b8b6aa,PP,Brazil,br,626875090736001,ANDRE MOREIRA,Facebook
a5ae5d04-8066-4612-bafd-c7c9c6b00460,ALDA LUCIA,2022-08-16T15:23:53.812Z,b8ac0e53-7534-4acc-8315-b5f9c46f8466,PT,Brazil,br,285141425618527,ALDA LUCIA,Facebook
ea35bef8-1549-46ba-8736-0d38b8472203,FERNANDO PIMENTEL,2022-08-16T15:23:53.942Z,a5d1b66b-5e5c-4a29-9879-bd4219717356,PT,Brazil,br,124687590953528,FERNANDO PIMENTEL,Facebook
210292d8-dd89-4445-92eb-fea70efe8d25,MARCELO BLUMA,2022-08-16T15:23:54.077Z,856c0947-8b46-489a-90e7-e14d24cc7d1f,PV,Brazil,br,1466695626981322,MARCELO BLUMA,Facebook
aebb7b17-c730-4bd5-a6ed-eb9504153b0f,JULIO LOSSIO,2022-08-16T15:23:54.335Z,9e06f5e4-28b9-495d-ac05-1cb497d33632,PV,Brazil,br,234116719979961,JULIO LOSSIO,Facebook
3fec2d4d-a9cb-4b71-b6a5-93662b3c838f,PROFESSORA SUELI,2022-08-16T15:23:54.452Z,f956b826-ea4f-414c-bad0-d4f7a472a514,PP,Brazil,br,173804919988410,PROFESSORA SUELI,Facebook
7082e6d2-a62d-48e9-817c-c29ffd5e8643,PRISCILA EBARA,2022-08-16T15:23:54.577Z,638dd2b5-3dfe-4f97-a09b-aa1712014a89,PT,Brazil,br,985822421594905,PRISCILA EBARA,Facebook
32fbf728-9fad-490a-b6ce-57a146bd47a2,ANDRÉ MONTEIRO,2022-08-16T15:23:54.665Z,fc24a180-abfb-40d1-9189-51a92255793a,PL,Brazil,br,108896236628027,ANDRÉ MONTEIRO,Facebook
051a2907-c40f-4fda-a1a6-b4bbb94a0f56,FREITAS JR,2022-08-16T15:23:54.800Z,af21b5f2-73be-4e5a-b7c2-7cfe5ca12a6d,PV,Brazil,br,1260670097319777,FREITAS JR,Facebook
d52fb7d1-8b08-48bc-986f-09a4fc9e6d08,COMENDADOR VALCLEI QUEIROZ,2022-08-16T15:23:54.900Z,5e9a2d21-5ca3-4b6f-aa3c-edfcb0db4866,OUT,Brazil,br,2145788779022929,COMENDADOR VALCLEI QUEIROZ,Facebook
6c381bb0-0c47-40f2-89f5-79a2abaf1c83,MIGUEL ROSSETTO,2022-08-16T15:23:55.055Z,bb0b112c-5adf-46f6-ba1b-dce24c0e6a5f,PT,Brazil,br,1896617717326264,MIGUEL ROSSETTO,Facebook
f550a79d-ffd3-4b8f-969b-520610b50ac0,MAJOR COSTA E SILVA,2022-08-16T15:23:55.478Z,18a3a113-c52b-44a0-900a-181c92e52e3b,OUT,Brazil,br,2105742866380900,MAJOR COSTA E SILVA,Facebook
ef0b288b-32f8-442f-b12a-17967f5414cf,MÁRCIO BITTAR,2022-08-16T15:23:55.781Z,a29b893a-1d80-42af-a3a2-75a9a4d0176b,MDB,Brazil,br,555803774486872,MÁRCIO BITTAR,Facebook
705d8a09-5966-4beb-a24f-2132b7b96a77,OSVALDO MACIEL,2022-08-16T15:23:55.906Z,e2fce4e9-de52-48a2-bd36-6e9ace032927,PP,Brazil,br,202664580358652,OSVALDO MACIEL,Facebook
72ca7d56-70db-432a-821b-a438ade31322,EDUARDO BRAGA,2022-08-16T15:23:56.037Z,ec549a7e-1fb0-45d3-b427-cbe446f49a6d,MDB,Brazil,br,263563620333111,EDUARDO BRAGA,Facebook
4a205231-61c7-4573-9650-78ce50d7b48b,RANDOLFE,2022-08-16T15:23:56.165Z,70a5658e-688c-4547-8bf6-b89f317a6edf,PV,Brazil,br,687008454694990,RANDOLFE,Facebook
e8082112-5d4e-4510-b4af-c3ed00625666,ADROALDO DOS SANTOS,2022-08-16T15:23:56.288Z,e4d435b0-07af-4643-b101-d6355d3a86b8,PT,Brazil,br,463188627517843,ADROALDO DOS SANTOS,Facebook
1c009ca6-6721-496f-840e-980fb11eb5ab,PASTOR PEDRO RIBEIRO,2022-08-16T15:23:56.418Z,aef8a047-9402-4417-81c5-a73bf27d177e,PL,Brazil,br,354292018390198,PASTOR PEDRO RIBEIRO,Facebook
5810b52a-ee0d-458d-a5ff-e78ee808d4cb,MARIVALDO PEREIRA,2022-08-16T15:23:56.544Z,d72b5cf2-39f0-4223-8f2f-4c0dbd0dd304,PP,Brazil,br,1990067314607138,MARIVALDO PEREIRA,Facebook
770f1322-4edf-4492-b22f-e69f84144636,PAULO ROQUE,2022-08-16T15:23:56.610Z,a5008c8e-ac37-4ab2-ae25-1e6b3204ea57,PSB,Brazil,br,1036794366332191,PAULO ROQUE,Facebook
1862e35e-e477-4785-893a-62391d113f92,ULISSES PINCELLI,2022-08-16T15:23:56.749Z,c8084b5f-f2c3-406a-bb99-6d72ddb80d54,PSB,Brazil,br,489265258082664,ULISSES PINCELLI,Facebook
751e6f27-c73e-4146-9e1d-d2b6b2100eab,PROFESSOR ALESSANDRO AQUINO,2022-08-16T15:23:56.870Z,80ece6f6-0741-4d53-b17c-0f1d5b5c77be,PT,Brazil,br,456663804817385,PROFESSOR ALESSANDRO AQUINO,Facebook
515c412e-2a0f-4f5a-a8ed-6a18765175a5,SARNEY FILHO,2022-08-16T15:23:57.011Z,777443e4-39d0-4e37-bdde-d84b07d9e7a9,PV,Brazil,br,250114558470453,SARNEY FILHO,Facebook
b504d405-6bf8-43cd-b24c-9d8faa2b5020,DILMA ROUSSEFF,2022-08-16T15:23:57.084Z,9b0834fe-f7a9-4d5b-bea6-c402a4cd5f42,PT,Brazil,br,351338968253034,DILMA ROUSSEFF,Facebook
5d520522-8fcd-46a1-8c77-eb64b6b5c14a,PEDRO CHAVES,2022-08-16T15:23:57.201Z,f418b672-287c-4db9-944a-7c18fa1645ba,SDB,Brazil,br,1158198227564050,PEDRO CHAVES,Facebook
ab919086-fe87-4e4c-9691-365b7a607926,ADILTON SACHETTI,2022-08-16T15:23:57.323Z,51f21efc-ae75-498b-9359-503ddd6cd1ba,SDB,Brazil,br,320458394787958,ADILTON SACHETTI,Facebook
b4d279ff-a4c5-458d-9414-50faad082f6d,PROFESSOR GERSON DOURAO,2022-08-16T15:23:57.565Z,3f0abd56-891c-475c-ba45-c27abf0c5a1c,PT,Brazil,br,455472964835648,PROFESSOR GERSON DOURAO,Facebook
37fe01f1-2210-4693-a42d-b6132f776991,VENEZIANO,2022-08-16T15:23:57.686Z,a4a3350b-75cd-43be-8fa1-945a59800cfb,OUT,Brazil,br,424808937641023,VENEZIANO,Facebook
7ab8874e-c28c-4164-b2d9-d0b743955072,ALBETIZA,2022-08-16T15:23:57.927Z,fa6d8627-e4de-4fce-b57c-31c23ecabf7b,PT,Brazil,br,290913628387551,ALBETIZA,Facebook
9251f2c6-624b-43e4-a09f-b941f761128f,REQUIÃO,2022-08-16T15:23:58.025Z,769988d4-e8ec-4920-84a7-0ed821a77af8,MDB,Brazil,br,339606729398017,REQUIÃO,Facebook
ea275761-4a75-4e65-9f22-60bc0aad522d,MARTA BARÇANTE,2022-08-16T15:23:58.203Z,39ad26d4-2dc0-48f1-8ac9-f91cbfb4b2fa,PP,Brazil,br,917013154991579,MARTA BARÇANTE,Facebook
c4946204-7f98-45e6-97b1-788ecb38fa25,ALEXANDRE MOTTA,2022-08-16T15:23:58.436Z,0704401c-14c6-4017-9993-d4db6c804da6,PT,Brazil,br,1016549635047100,ALEXANDRE MOTTA,Facebook
79f3637a-7101-452d-be67-5ceb2228ec23,JAIME BAGATTOLI,2022-08-16T15:23:58.570Z,c8cfba42-99ef-4a4c-9c2e-a50c6c1b571b,PL,Brazil,br,235356953965179,JAIME BAGATTOLI,Facebook
08e630cc-1ca7-4d0e-ac45-c6bfd4de6acc,LUCIANO CASTRO,2022-08-16T15:23:58.665Z,0c55d1be-0a60-42e0-ab61-a1fcb7898fc5,SDB,Brazil,br,562098413856968,LUCIANO CASTRO,Facebook
1228c775-9483-46f9-98bd-c01e8e828754,ROMER GUEX,2022-08-16T15:23:58.784Z,11caa655-8ec5-4114-b07b-ef386c4b8421,PP,Brazil,br,276430892449607,ROMER GUEX,Facebook
0139f068-449d-4c9a-ab9c-5aaadd061066,BETO ALBUQUERQUE,2022-08-16T15:23:58.912Z,75f87114-06e0-45f4-a72a-bcd5a4eedcb9,OUT,Brazil,br,471742212873697,BETO ALBUQUERQUE,Facebook
0bae1e22-5d0d-4150-9d39-d584c44cb765,PROFESSOR PEDRO CABRAL,2022-08-16T15:23:59.193Z,5aebfae1-8d50-4553-bb5d-6e8270a08419,PP,Brazil,br,2084604888534699,PROFESSOR PEDRO CABRAL,Facebook
f0fef989-79a7-4add-9b03-83e93ebb4140,ROBERTO LUIZ SALUM,2022-08-16T15:23:59.317Z,17a8b552-ae0c-488c-81bf-26033b38dc97,OUT,Brazil,br,2050664928497919,ROBERTO LUIZ SALUM,Facebook
b2239c9d-ce5d-4331-be00-70b55948d2c5,JILMAR TATTO,2022-08-16T15:23:59.554Z,d3674508-db2c-414e-953e-02d497813123,PT,Brazil,br,2134782856537565,JILMAR TATTO,Facebook
f7783021-6a8b-4eb0-981d-8174e9a1d9bc,CÉSAR HALUM,2022-08-16T15:23:59.680Z,851c696d-59bc-4517-8f4a-5d8fe9804f59,SDB,Brazil,br,165564303532673,CÉSAR HALUM,Facebook
38438753-e64c-4cbe-87fe-5c98a9ce80c5,CLEBER RABELO,2022-08-16T15:23:54.209Z,b5b2a4ab-49f6-4edf-a978-4ebb3cb34f5c,OUT,Brazil,br,534601046561830,CLEBER RABELO,Facebook
0bd157ce-eac1-4550-87c0-592e49e11546,INGRID ASSIS,2022-08-16T15:23:55.202Z,3f938f29-b04a-471f-a78f-17cb26b1c47e,OUT,Brazil,br,1963264190598945,INGRID ASSIS,Facebook
01d477a6-d487-4b52-94fc-2c1c65a68497,Geraldo Alckmin,2022-08-16T15:23:51.762Z,093ff4d2-c656-4f5d-93fb-a1fea3101171,SDB,Brazil,br,96033897836,Geraldo Alckmin,Facebook
17ae81db-5019-4c1d-9e97-ac05223e445e,Henrique Meirelles,2022-08-16T15:23:51.893Z,ec847ef6-6273-4798-8406-a22e40f207b3,MDB,Brazil,br,514040728965290,Henrique Meirelles,Facebook
17492de8-298f-42ec-982d-95d503766ddc,Alvaro Dias,2022-08-16T15:23:52.977Z,295786d6-4d6e-41c0-940b-f3e828ada319,PL,Brazil,br,1277978178926094,Alvaro Dias,Facebook
20eccf94-0678-46c1-a17d-21fad34f7c07,Paulo Rabello de Castro,2022-08-16T15:23:53.118Z,b78f63d9-3837-4de3-ac2a-f3ac064ebbfe,PL,Brazil,br,636712363340076,Paulo Rabello de Castro,Facebook
6341ad49-456f-4e46-a63a-ade27b5b4271,RENAN FILHO,2022-08-16T15:23:53.248Z,74223695-73d2-4d16-be9c-ce90e4b0605a,MDB,Brazil,br,131342733634349,RENAN FILHO,Facebook
5eefc635-1f08-4a73-a26a-a619c24d297f,CÉLIA SACRAMENTO,2022-08-16T15:23:53.445Z,b4f3f0f2-d2e2-4c16-bbf8-be8b20b3034c,PV,Brazil,br,262932227652369,CÉLIA SACRAMENTO,Facebook
eaf0a01e-5f6e-4e26-914b-adcef8678810,IBANEIS,2022-08-16T15:23:53.580Z,01ecfff9-9b68-4a9b-8fc6-26752e035e53,MDB,Brazil,br,818049031570396,IBANEIS,Facebook
65de04c5-3fad-46eb-a273-2b3e06658a12,JACKELINE,2022-08-16T15:23:53.712Z,d926b190-1aa5-4c85-9cde-fda2e2f55a14,PT,Brazil,br,316296538927917,JACKELINE,Facebook
3c931f39-148b-4afd-bc30-3f04f9d5c6c6,ODIVIO NETO,2022-08-16T15:23:53.835Z,78c12f7c-8f4d-41bf-b6d5-2e9fec116202,PP,Brazil,br,1753641988185740,ODIVIO NETO,Facebook
4fd3b88c-2add-47ef-b52c-499ad9c17e49,JOÃO BATISTA MARES GUIA,2022-08-16T15:23:53.944Z,eaacbc93-b8b9-45d3-8054-b1137db9f1a6,PV,Brazil,br,154330491756820,JOÃO BATISTA MARES GUIA,Facebook
d1cf7102-7185-4ba0-9435-852d08bd6dd0,MAURO MENDES,2022-08-16T15:23:54.087Z,e5187a9e-9e7f-487d-a125-1485a7ee6b5b,SDB,Brazil,br,483630874998954,MAURO MENDES,Facebook
a5d16848-c601-4468-a3bc-2b24297c4de4,ZÉ MARANHÃO,2022-08-16T15:23:54.213Z,68ba7a85-5bd6-451f-8ea2-e9fe2b8f741f,MDB,Brazil,br,279862745523348,ZÉ MARANHÃO,Facebook
eeb34935-c360-426c-aa47-cc31c9566233,CIDA BORGHETTI,2022-08-16T15:23:54.486Z,e12f0000-4c65-488b-96b1-038500e5c97e,SDB,Brazil,br,217615495057247,CIDA BORGHETTI,Facebook
558183ac-6087-46c9-bcef-d3c934f99389,CORONEL CHARLON,2022-08-16T15:23:54.869Z,cadeb992-2d8f-4c7e-8138-7b566ac03353,PL,Brazil,br,1817061101675778,CORONEL CHARLON,Facebook
f33d718a-1136-4c0d-bf57-1e7479e0370d,MAURO MARIANI,2022-08-16T15:23:55.146Z,99ede485-37f0-4152-8e43-13f00770c72e,MDB,Brazil,br,175499569250310,MAURO MARIANI,Facebook
ecf7743d-a206-42cb-be19-daa5dfc982e1,ROGERIO CHEQUER,2022-08-16T15:23:55.409Z,41867c16-fd25-4854-92e4-9a15c7c9a194,PSB,Brazil,br,387977051638379,ROGERIO CHEQUER,Facebook
875d77f3-6a2f-4b5f-b4cd-102d1196561d,MARLON REIS,2022-08-16T15:23:55.779Z,5253651b-76bb-480e-909f-42a2888617b3,PV,Brazil,br,404021629650468,MARLON REIS,Facebook
8938fb36-4721-4568-b3de-0d803e0f708c,RENAN,2022-08-16T15:23:55.911Z,a82506e2-b8ca-40d7-a281-819e7e27f2d4,MDB,Brazil,br,576313645847016,RENAN,Facebook
22e01b46-c33c-4836-807d-ac15c7af9e03,VANESSA,2022-08-16T15:23:56.038Z,fcf2a7c2-7577-415f-811d-dc48f22143b8,PT,Brazil,br,302901263140722,VANESSA,Facebook
1be6790a-e468-4ac7-8d67-f96e5be52188,MARCOS MAURICIO,2022-08-16T15:23:56.288Z,e8e76377-cfb3-474d-99a7-0fe433485454,OUT,Brazil,br,147839956085570,MARCOS MAURICIO,Facebook
68dd17b4-a5dc-488a-8d96-8317406f2605,EDUARDO GIRÃO,2022-08-16T15:23:56.421Z,7567ae30-9b7b-40b6-b0e9-dd134ea5d758,PT,Brazil,br,486914985073732,EDUARDO GIRÃO,Facebook
b18973ba-198a-4338-ac4a-072b8cb795b4,BRIGADEIRO ATILA MAIA,2022-08-16T15:23:56.548Z,2e7abc35-94d5-4526-b9b1-06daef64543a,PL,Brazil,br,624349771249662,BRIGADEIRO ATILA MAIA,Facebook
06ce523e-721e-4973-b22c-256f23581bcd,FABIANO CONTARATO,2022-08-16T15:23:56.738Z,789863b7-fd10-42de-b17a-0b0108869d88,PV,Brazil,br,783999288312445,FABIANO CONTARATO,Facebook
cb0c42d0-f009-4587-ac26-c45507043589,PROFESSORA GELI,2022-08-16T15:23:56.888Z,86da3ea3-1a63-43e5-820c-7b8ef4a0eb6f,PT,Brazil,br,346793689101992,PROFESSORA GELI,Facebook
6420a948-3716-4c9c-9236-e563502f2aaf,KAKA MENEZES,2022-08-16T15:23:57.146Z,30e7d12d-4633-4e47-8140-43abe67d4d7e,PV,Brazil,br,437142419725553,KAKA MENEZES,Facebook
52d208eb-1d1d-49aa-b96a-ca0a56616f9b,MOKA,2022-08-16T15:23:57.277Z,2c55dd6c-8008-47ba-9ae1-9f1638d9afe7,MDB,Brazil,br,375349375824563,MOKA,Facebook
b7bdd514-dede-4887-aa5d-d7297e565490,PROCURADOR MAURO,2022-08-16T15:23:57.406Z,e54b6325-56ec-4718-b803-4a88f5b52327,PP,Brazil,br,355299901244656,PROCURADOR MAURO,Facebook
ef52b582-db79-45b0-8391-23fd77310a03,MENDONCA FILHO,2022-08-16T15:23:57.694Z,d00d6bc6-040e-4272-8d99-1b2476e8b627,SDB,Brazil,br,406398442733177,MENDONCA FILHO,Facebook
e944b251-42b2-4e87-861b-c48b6319714d,ROBERT RIOS,2022-08-16T15:23:57.820Z,7caee2a3-fe99-49e6-8254-326686b0b25c,SDB,Brazil,br,1381292981941377,ROBERT RIOS,Facebook
f087681e-5f50-4024-91c0-d4846958de60,GILSON MEZAROBBA,2022-08-16T15:23:58.060Z,1c637f6b-9163-4f0b-84e0-1f071a3b2ca9,PT,Brazil,br,498015550671624,GILSON MEZAROBBA,Facebook
3a8fb505-1c0a-4084-a476-e5eff5d2b911,AROLDE DE OLIVEIRA,2022-08-16T15:23:58.196Z,ae5519d8-bd27-4a31-8618-3551388c112d,SDB,Brazil,br,118527194965589,AROLDE DE OLIVEIRA,Facebook
247de8a5-02a5-4a6e-960b-c7d160350f7c,FERNANDO FAGUNDES RIBEIRO,2022-08-16T15:23:58.264Z,de18bd56-e5fe-4437-91a0-254dde93b172,PT,Brazil,br,408105049594410,FERNANDO FAGUNDES RIBEIRO,Facebook
7bde2e74-8123-45cc-aebb-a8e0b5b23ad0,DR. ZENAIDE MAIA,2022-08-16T15:23:58.381Z,9b657e96-457d-42d9-b76a-9d238fe5e890,MDB,Brazil,br,1463458067229810,DR. ZENAIDE MAIA,Facebook
64fd28ad-1298-4e79-936f-9b61de270636,BOSCO DA FEDERAL,2022-08-16T15:23:58.516Z,0732ec7c-cd5b-4300-b4f0-75b4f391ac9b,SDB,Brazil,br,237517676436025,BOSCO DA FEDERAL,Facebook
c6dada35-41be-435b-a78b-dab9aa55299d,JESUALDO PIRES,2022-08-16T15:23:58.633Z,691fd7f0-b08e-456d-bd23-24950befb639,OUT,Brazil,br,102161426886572,JESUALDO PIRES,Facebook
df4343c3-488d-4b78-bae9-001b46795b24,LUIZ DELVAIR,2022-08-16T15:23:58.855Z,74b6c476-ed55-4e40-bf64-c2a3b2f895eb,PT,Brazil,br,1786318584780828,LUIZ DELVAIR,Facebook
070d2072-5e4f-4567-9e98-de0b652e8be0,LUCAS ESMERALDINO,2022-08-16T15:23:59.193Z,dcd0d76b-782a-4686-9bbe-01a73a9b1a1b,PL,Brazil,br,387732244667206,LUCAS ESMERALDINO,Facebook
6ccc8785-7060-4caa-a015-72870baa288e,PROFESSOR JOSSIMÁRIO MICK,2022-08-16T15:23:59.323Z,be1862d0-1855-467f-a9c9-8e1357111c59,PP,Brazil,br,220182738538114,PROFESSOR JOSSIMÁRIO MICK,Facebook
dce6475f-8bcf-408e-895f-4fc7b166d735,TRIPOLI,2022-08-16T15:23:59.443Z,e8d08ac6-14fd-4df6-9a09-ca055229bc19,SDB,Brazil,br,189155134486560,TRIPOLI,Facebook
27e45699-99db-4477-bf3f-d21a182106b3,PEDRO HENRIQUE DE CRISTO,2022-08-16T15:23:59.564Z,575e10c8-03bc-4316-9acc-adecc0309ce2,PV,Brazil,br,1824268361212691,PEDRO HENRIQUE DE CRISTO,Facebook
8f587669-608c-4f47-9e69-19e92990ae37,ATAÍDES OLIVEIRA,2022-08-16T15:23:59.694Z,ba5b2518-6050-44ca-adf5-1ba94b390147,SDB,Brazil,br,398426556931775,ATAÍDES OLIVEIRA,Facebook
e6bd9b17-241b-4d69-830a-e5ae0edb4c36,SIMONE FONTANA,2022-08-16T15:23:54.353Z,ee51bad6-3c67-4f23-ba7d-20befc286d19,OUT,Brazil,br,529136280547659,SIMONE FONTANA,Facebook
8624ed3b-c26a-42a5-8629-53869693e5aa,GILVANI SANTOS,2022-08-16T15:23:55.277Z,24cff1e0-2944-4c27-83a8-2c49bdc62151,OUT,Brazil,br,515328555598760,GILVANI SANTOS,Facebook
17c34833-138b-4a52-b5eb-47803f055952,DAVI SILVA,2022-08-16T15:23:56.167Z,bac6da11-5e8f-41b9-a6c6-b1794432789a,OUT,Brazil,br,2057778504491250,DAVI SILVA,Facebook
a6c9f815-0cd8-424b-8df9-216afe670d41,SAULO ARCANGELI,2022-08-16T15:23:57.033Z,a9ba25f2-f795-4fc9-acaa-663636da8caf,OUT,Brazil,br,702719439800263,SAULO ARCANGELI,Facebook
14c9246e-9c67-4427-a8ec-63de639dd2b6,Rodrigo Maia,2022-08-16T15:23:51.741Z,d3eb47cc-551e-421b-be1f-417b6f7a4e4f,MDB,Brazil,br,194263324017292,Rodrigo Maia,Facebook
db1196f0-4c55-46e3-b4b9-3475c2741d87,Alvaro Dias,2022-08-16T15:23:51.846Z,0bef9b56-f7d7-47e7-bbe5-6b281f0de3e8,PL,Brazil,br,199599520097304,Alvaro Dias,Facebook
28bcb6cd-65bd-4b3d-ad28-4a759ce1e18a,Aldo Rebelo,2022-08-16T15:23:52.935Z,252822df-3110-4fae-ac11-900de97b70d9,OUT,Brazil,br,1424009804348728,Aldo Rebelo,Facebook
983ffa0c-3565-42ab-89b7-8ad955b79892,João Vicente Goulart,2022-08-16T15:23:53.068Z,0f1d191e-0a27-4859-a277-aec27af76a06,PP,Brazil,br,1933380420312820,João Vicente Goulart,Facebook
44292bfc-e304-4ed2-99ea-dc32c88e76d5,JANAINA FURTADO,2022-08-16T15:23:53.190Z,379d39d8-5729-4da9-8430-b3924c3c196b,PV,Brazil,br,469861703108209,JANAINA FURTADO,Facebook
4a778c3f-9715-4c52-bca7-e736f44f0561,JOÃO SANTANA,2022-08-16T15:23:53.398Z,a04263e8-d241-42ba-ae75-cd3ff395415a,MDB,Brazil,br,1940250679619379,JOÃO SANTANA,Facebook
8ac33870-5650-40cb-9a24-a7fbb2b556cb,PROFESSOR ARIDELMO TEIXEIRA,2022-08-16T15:23:53.668Z,615121c2-67b1-414d-9fec-d89fbd2b2a89,SDB,Brazil,br,2074630489445768,PROFESSOR ARIDELMO TEIXEIRA,Facebook
1d7e3ba9-e7e3-4742-ae03-90f0c2c2c8d0,KÁTIA MARIA,2022-08-16T15:23:53.804Z,ce3f1a1f-ecf3-4aa4-8aec-293557abf8af,PT,Brazil,br,1931270447202789,KÁTIA MARIA,Facebook
05c54a0d-4024-4280-9682-4c268971eb77,ALEXANDRE FLACH,2022-08-16T15:23:53.946Z,fb6aa543-8ff1-4c08-b7d1-9e6a416e5293,PT,Brazil,br,300562460526407,ALEXANDRE FLACH,Facebook
42c90cab-cd59-46fe-812d-7df818a4f261,HUMBERTO AMADUCCI,2022-08-16T15:23:54.075Z,01a4a153-77d4-4f4b-88cc-62a56d3d2960,PT,Brazil,br,158442931444073,HUMBERTO AMADUCCI,Facebook
1bd24213-df11-4a49-a40a-366ae9bb3047,TÁRCIO TEIXEIRA,2022-08-16T15:23:54.212Z,fb5a8bce-3eb8-4fba-a0dd-0686d8fd3e3c,PP,Brazil,br,432022880340155,TÁRCIO TEIXEIRA,Facebook
f4acb76c-a8b8-4b03-927b-9395df5928ba,PAULO CÂMARA,2022-08-16T15:23:54.355Z,669882b0-a4dc-4978-a84b-788d9830bea9,OUT,Brazil,br,271950839646537,PAULO CÂMARA,Facebook
90840a4b-015d-4995-a4ba-5d3bed1afe74,MARCELO TRINDADE,2022-08-16T15:23:54.723Z,7a16f4f4-b9dc-409e-956f-c75f13b56cee,PSB,Brazil,br,1306418546158791,MARCELO TRINDADE,Facebook
ffce0a43-e0ae-49da-86f3-4bd2c2a6eee2,EXPEDITO JUNIOR,2022-08-16T15:23:54.846Z,9647cc0e-e5e7-4834-8587-9cc448f57f47,SDB,Brazil,br,531902580249985,EXPEDITO JUNIOR,Facebook
c25c7f60-d037-435d-b1cd-51671ec156bf,FÁBIO,2022-08-16T15:23:54.970Z,f45654de-a054-42f8-bab3-ec5ea6790a61,PP,Brazil,br,2061944267172982,FÁBIO,Facebook
08bb0556-8c64-4f8a-9c45-a77b7f4c7be9,CAMASÃO,2022-08-16T15:23:55.137Z,c5fa59cf-8404-4c25-bd30-a224384b3cce,PP,Brazil,br,167525460077136,CAMASÃO,Facebook
f1ef8518-87ed-40cd-9b64-2b2d9553226c,MÁRCIO SOUZA,2022-08-16T15:23:55.267Z,0a3a9f62-5d09-40fe-a5e2-b631b2205e09,PP,Brazil,br,352665825222964,MÁRCIO SOUZA,Facebook
f99cad31-4886-4a74-af56-28b3231f4a2e,RODRIGO TAVARES,2022-08-16T15:23:55.400Z,16b01ff9-2a21-4c27-a877-4df451b91147,PL,Brazil,br,439031519946156,RODRIGO TAVARES,Facebook
25100fbf-40f6-456e-a008-13ff99f2d2c6,JORGE VIANA,2022-08-16T15:23:55.780Z,18802105-a56c-4634-9754-a3f250f4101f,PT,Brazil,br,339953416062764,JORGE VIANA,Facebook
0104a60c-83c4-4a11-a4ba-bbbcf36bd593,FLÁVIA MELO,2022-08-16T15:23:55.913Z,5a996f99-a811-4214-878a-a6b3f2087a6e,PT,Brazil,br,1233225150152514,FLÁVIA MELO,Facebook
3e9328fe-6a85-47e3-9e45-bfbdebe0f8ec,JORGE AMANAJAS,2022-08-16T15:23:56.045Z,3e506d41-197c-4c43-a91b-1bae56577889,SDB,Brazil,br,1487957498100935,JORGE AMANAJAS,Facebook
56537cfb-1f4c-4900-b41c-469f6262ddbb,ANGELO CORONEL,2022-08-16T15:23:56.176Z,854e9a14-d41e-4239-98e6-f9b0183e560e,SDB,Brazil,br,405696379766191,ANGELO CORONEL,Facebook
29de7183-27a2-4904-922e-d7f9571b14ad,MARCOS DO VAL,2022-08-16T15:23:56.667Z,943db41f-d06a-4d17-803d-7e27685e6842,SDB,Brazil,br,360331564101406,MARCOS DO VAL,Facebook
52f64b37-5838-47ca-8348-af7409f7c127,CÉLIA TAVARES,2022-08-16T15:23:56.700Z,06a0b124-4c72-49ee-ba1f-2faa549f84ae,PT,Brazil,br,959175184282012,CÉLIA TAVARES,Facebook
9f6ec318-1e27-4831-abf3-977dc84f4f9f,LUIS CÉSAR BUENO,2022-08-16T15:23:56.827Z,b56bb774-4109-464d-8cf4-5455b9249dd3,PT,Brazil,br,324119504317707,LUIS CÉSAR BUENO,Facebook
2e5586a3-18d6-443c-9163-4290c549bf6b,IÊGO BRUNNO,2022-08-16T15:23:56.949Z,2806deac-28a3-49de-9e81-9a1716f388be,PP,Brazil,br,2308539019163178,IÊGO BRUNNO,Facebook
a763ecfa-ef28-4600-b0ca-6f0125c7b8c0,JAIME MARTINS,2022-08-16T15:23:57.078Z,904cb386-f406-4cd4-8fba-ed7b6abeaf08,PT,Brazil,br,225353607528289,JAIME MARTINS,Facebook
be3bca64-6db6-4670-899c-1321b12ed4a8,NELSINHO TRAD,2022-08-16T15:23:57.204Z,03c8ea13-2b14-4083-8779-d8fe9d57818b,SDB,Brazil,br,174471285940778,NELSINHO TRAD,Facebook
ae9e0879-4a4b-41b2-b8a8-3e8c80edbd86,GILBERTO LOPES FILHO,2022-08-16T15:23:57.338Z,0a777283-6d7e-4c9a-aeb5-59a99bd78150,PP,Brazil,br,2141307139421249,GILBERTO LOPES FILHO,Facebook
bcf36c22-9c6c-44c5-bdd7-8e346a0e9c5d,FLEXA RIBEIRO,2022-08-16T15:23:57.531Z,b6f6061e-7c10-4134-9a93-ecc147299764,SDB,Brazil,br,156522971109335,FLEXA RIBEIRO,Facebook
543f3acd-1401-4b8a-8492-303e3c432e58,SIDNEY ROSA,2022-08-16T15:23:57.603Z,c0674f46-cba5-4943-8947-ebd8bd5aed1a,OUT,Brazil,br,104054849797606,SIDNEY ROSA,Facebook
dd690690-f887-4879-9ea6-a0bc0354db78,EUGÊNIA,2022-08-16T15:23:57.733Z,3aa21344-f19a-4463-aec6-6b2f96f0cabf,PP,Brazil,br,612160262270809,EUGÊNIA,Facebook
204d8b95-4091-4e7b-9561-570f9e54acd6,FRANK AGUIAR,2022-08-16T15:23:57.865Z,606abf6c-2add-4bd2-bda2-2e9912a32200,SDB,Brazil,br,315123275267185,FRANK AGUIAR,Facebook
7689c294-e09a-4719-a364-8ee69636cf6c,ALEX CANZIANI,2022-08-16T15:23:57.998Z,ee24de8b-2caa-419c-a007-1fb10c8183bf,SDB,Brazil,br,285760948227043,ALEX CANZIANI,Facebook
066c8c60-a1f8-4a68-8986-3a95b1f262d6,FLAVIO ARNS,2022-08-16T15:23:58.099Z,99ba0933-c962-4567-af83-c2ef262c2420,PV,Brazil,br,1720125068073321,FLAVIO ARNS,Facebook
8e593110-0894-4070-a7bc-b7ab34e029fe,CHICO ALENCAR,2022-08-16T15:23:58.216Z,183af36d-09d5-47b8-92bf-45416c208170,PP,Brazil,br,184693888299537,CHICO ALENCAR,Facebook
f0ceba8b-fac5-4e0a-beb4-3a532a6b7e76,LEVI COSTA,2022-08-16T15:23:58.406Z,be12809e-a860-471d-99d6-87db3f622100,PL,Brazil,br,447030662469668,LEVI COSTA,Facebook
a7c88853-4e7a-443e-a9be-9d3ab41ffa3a,VALDIR RAUPP,2022-08-16T15:23:58.544Z,75f85aaf-8e61-4889-ae1f-9b1c18566a82,MDB,Brazil,br,1375884822664126,VALDIR RAUPP,Facebook
607bdce6-c275-49d6-b901-bd29d8e45a59,CHICO RODRIGUES,2022-08-16T15:23:58.654Z,3ea14781-e831-4d04-8492-249510d1e475,SDB,Brazil,br,194032184000941,CHICO RODRIGUES,Facebook
78bb57d4-cc19-4b44-9ae6-1c04ab1c9b40,CLEBER SOARES,2022-08-16T15:23:58.782Z,0795eb5e-20e2-47f2-8a7b-0ca91ad7e058,PP,Brazil,br,254419421773272,CLEBER SOARES,Facebook
acd80fa7-0315-4055-87e1-19ae96f10deb,ESPERIDIÃO AMIN,2022-08-16T15:23:58.916Z,234219eb-ecfa-42b3-9e03-bb5b2b1198af,SDB,Brazil,br,332870466782583,ESPERIDIÃO AMIN,Facebook
3d5a42c7-2d78-425c-89d9-3a3f11fa34c2,CIDINHA,2022-08-16T15:23:59.463Z,1df1c9bc-cf5e-4d17-9ab2-07c5c722efb6,MDB,Brazil,br,252523255384449,CIDINHA,Facebook
92d7188b-4ee5-495e-923b-de5ab6086529,MAURREN MAGGI,2022-08-16T15:23:59.593Z,13aa2713-d279-4d6d-a273-adee9c1fffe0,OUT,Brazil,br,205290612838617,MAURREN MAGGI,Facebook
1d6b4031-a864-421c-b91e-82775195072e,LUCIANE SANTOS,2022-08-16T15:23:54.460Z,9e4d5726-8b8f-409c-8d9b-1f4bd7b516b7,OUT,Brazil,br,1650309595288638,LUCIANE SANTOS,Facebook
96906967-f74d-4636-9a0f-7cdb39412195,Joaquim Barbosa,2022-08-16T15:23:51.755Z,378fcd99-d510-4931-9759-875a01e114da,PSB,Brazil,br,1383378851877347,Joaquim Barbosa,Facebook
3a1dfe63-a7cd-48e7-a673-ebf6437a54cd,João Vicente Goulart,2022-08-16T15:23:51.894Z,e38dd3e6-be95-47ec-bd08-25bea8eceddb,PP,Brazil,br,1553415411642658,João Vicente Goulart,Facebook
74e9e58d-7b43-4f61-adaa-2761accb20b4,Ciro Gomes,2022-08-16T15:23:52.910Z,0670ab93-6f1a-4aca-a3d1-b2fff8518744,PT,Brazil,br,1575639489223391,Ciro Gomes,Facebook
d485446f-b56f-4f2f-89fd-b042c946e39e,Henrique Meirelles,2022-08-16T15:23:53.034Z,0258c936-0ba6-429f-aee1-cb82b258ba09,MDB,Brazil,br,517435041959192,Henrique Meirelles,Facebook
4fff7982-f4c5-4ac2-af54-9e97b087a164,CORONEL ULYSSES,2022-08-16T15:23:53.152Z,bd3777ef-8c28-4e9f-990e-17804abbe45d,PL,Brazil,br,1700068513587067,CORONEL ULYSSES,Facebook
910f7422-11f1-4c12-b21c-05648b9e26f0,OMAR AZIZ,2022-08-16T15:23:53.273Z,30760ed1-e235-4371-99d1-d5102a2e2826,SDB,Brazil,br,632161500194120,OMAR AZIZ,Facebook
d15a4072-4ec9-44a8-9069-1092c0bc7af5,MARCOS MENDES,2022-08-16T15:23:53.395Z,8df91441-a7e1-433d-81bd-114f810a5be6,PP,Brazil,br,769830879702083,MARCOS MENDES,Facebook
650bc318-02fa-4ba8-ac2d-310f294ab00c,DANIEL,2022-08-16T15:23:53.801Z,5391d660-ac0e-40a9-808e-6a3a150b1885,MDB,Brazil,br,186037161435170,DANIEL,Facebook
d201f67c-91f1-4c39-b2d8-b52566fd5cf9,DIRLENE MARQUES,2022-08-16T15:23:53.939Z,0a343e24-bbc7-4b03-a3c6-b4706dc1adbf,PP,Brazil,br,1924759014503408,DIRLENE MARQUES,Facebook
8b44b6bf-9cf8-46ae-a04a-dac8016bc3c7,JUNIOR MOCHI,2022-08-16T15:23:54.072Z,be08caa1-c431-48bf-afc4-4f39899e25b6,MDB,Brazil,br,1410747335849623,JUNIOR MOCHI,Facebook
9a7041e5-be30-4760-af28-5706a8efde5c,PAULO ROCHA,2022-08-16T15:23:54.208Z,5425504b-eb10-4c29-972b-d9a56b76239a,PT,Brazil,br,1425830751012706,PAULO ROCHA,Facebook
07b14c38-98e5-46eb-bd8e-733b833837e2,MAURÍCIO RANDS,2022-08-16T15:23:54.334Z,0ac7cda5-3606-48e0-8930-c82806d086ce,PT,Brazil,br,2632449923647347,MAURÍCIO RANDS,Facebook
e99764ad-7f45-4740-af9d-200d34b69059,WELLINGTON DIAS,2022-08-16T15:23:54.459Z,b29f4145-263b-471a-880b-c278ef3067b0,PT,Brazil,br,255842038132121,WELLINGTON DIAS,Facebook
73080987-2ed7-4124-a335-f410224378dd,PIMENTA DE RONDONIA,2022-08-16T15:23:54.853Z,fba93b9c-f8c6-4978-8053-6212f4df2b72,PP,Brazil,br,313576422346039,PIMENTA DE RONDONIA,Facebook
2039a21c-b299-4d60-b5ea-a3426a6cd808,ANTONIO DENARIUM,2022-08-16T15:23:54.989Z,ee11d1f2-accb-41f8-b702-f4e7309ba8fd,PL,Brazil,br,331980703987939,ANTONIO DENARIUM,Facebook
3ad25051-42e1-4c72-9bec-88bbe5774a54,PORTANOVA,2022-08-16T15:23:55.172Z,ac38174c-64dd-4026-8d4f-3092d8e04ffa,PV,Brazil,br,1395161503917409,PORTANOVA,Facebook
71145b6d-a770-405b-84d1-8723434f4e2c,JOÃO TARANTELLA,2022-08-16T15:23:55.267Z,e0903d19-2737-45c5-9003-f1e51be3739c,PL,Brazil,br,1046534358749285,JOÃO TARANTELLA,Facebook
9b692016-8f4a-44a5-b455-874b9161c04f,EDSON DORTA,2022-08-16T15:23:55.402Z,6fa774ab-6932-47d6-bac6-eed5dbafb5f9,PT,Brazil,br,588605014675363,EDSON DORTA,Facebook
5c4e3698-34cf-484e-b29a-b944e00415a2,CESAR SIMONI,2022-08-16T15:23:55.775Z,76c61a78-866f-4a4a-a683-77ae044db721,PL,Brazil,br,251619845587309,CESAR SIMONI,Facebook
d375c9cb-b1f8-4161-8770-e5c5f6b58769,RODRIGO CUNHA,2022-08-16T15:23:55.905Z,5013e8c7-5c93-4d3f-9fb7-f610088fccac,SDB,Brazil,br,645681708802441,RODRIGO CUNHA,Facebook
00c55e82-ad0f-4b72-8cb7-2c0d0d170fde,RONDINELY FONSECA,2022-08-16T15:23:56.035Z,2f7007bc-5996-4ff7-a618-ff5dec61cde6,PP,Brazil,br,204310570086069,RONDINELY FONSECA,Facebook
825cbb19-2035-41b7-b7d1-f4f9e3610c16,DR RICARDO SANTOS,2022-08-16T15:23:56.165Z,54326c03-a5f1-4e09-a941-9decbd4dc063,PL,Brazil,br,185084875470394,DR RICARDO SANTOS,Facebook
a143ae4c-0864-4f72-aff4-4996cec8e1fe,JAQUES WAGNER,2022-08-16T15:23:56.287Z,a9cbfb85-ebd0-4ada-9ea9-769f93ce1b99,PT,Brazil,br,136224023082363,JAQUES WAGNER,Facebook
5c42af5c-8a0d-4653-82be-67d68a1e74ff,DR MÁRCIO PINHEIRO,2022-08-16T15:23:56.418Z,1bc9e659-6826-4f5f-bf12-17a7bcb719be,PL,Brazil,br,2211554852411119,DR MÁRCIO PINHEIRO,Facebook
1d7b6834-cdbd-4abb-814f-bbc6e6a7a612,CHICO SANT ANNA,2022-08-16T15:23:56.546Z,f99e6516-112c-4bf3-85a3-9655de6d3247,PP,Brazil,br,207674332711913,CHICO SANT ANNA,Facebook
b9ee69ea-9cc3-4bb4-a2be-a8a4d28ca454,MAURO RIBEIRO,2022-08-16T15:23:56.692Z,e2e5dd4c-3a1d-487c-ade0-b3f54dc6ad43,PP,Brazil,br,653200231428440,MAURO RIBEIRO,Facebook
662e83b9-4532-4d7e-9564-72bf1c3a6707,FABRÍCIO ROSA,2022-08-16T15:23:56.823Z,0c9aa458-4232-4a90-9822-45a91a4b613c,PP,Brazil,br,1130599713668740,FABRÍCIO ROSA,Facebook
37a44f90-880e-497d-a21c-40dbde2638df,SAULO PINTO,2022-08-16T15:23:56.947Z,e4a7f425-9fc7-4ae1-bd44-06274201f874,PP,Brazil,br,2090667264531606,SAULO PINTO,Facebook
fb9a73fe-1d1b-4138-b918-8fdfa0004ae0,JORNALISTA CARLOS VIANA,2022-08-16T15:23:57.066Z,ea566a12-583b-427a-b84b-f441e07d23b1,MDB,Brazil,br,157982450937286,JORNALISTA CARLOS VIANA,Facebook
65dc5f0a-d056-402f-b25c-13616b3b931a,FÁVARO,2022-08-16T15:23:57.325Z,7e7b31ae-9887-492f-95cd-c2eb5ae168cb,SDB,Brazil,br,1439518869655450,FÁVARO,Facebook
aeb3f346-9027-46f4-b6ac-9af694388adb,JARBAS VASCONCELOS,2022-08-16T15:23:57.572Z,82258898-54f0-4a48-801e-2f607db4ff86,PV,Brazil,br,275826989568190,JARBAS VASCONCELOS,Facebook
0a8b74f3-60e0-4930-ba17-14112ad4b10a,RODRIGO REIS,2022-08-16T15:23:58.056Z,e937a96d-d157-4e2e-98ae-ec4c0aebd739,PL,Brazil,br,335891746862615,RODRIGO REIS,Facebook
f14b1f13-a789-411b-a414-cdb1c254d8b7,CESAR MAIA,2022-08-16T15:23:58.153Z,5fa73767-32ba-4230-bace-64929008efe9,SDB,Brazil,br,50581385317,CESAR MAIA,Facebook
352caa37-bd4e-43bd-8d48-49d29bd4ca0a,MIRO TEIXEIRA,2022-08-16T15:23:58.285Z,0bf57180-932e-4f76-bfc0-46df2f25b6c7,PV,Brazil,br,2160733454249908,MIRO TEIXEIRA,Facebook
5ecddfed-3572-421d-92e2-99d03e6fff3c,GARIBALDI FILHO,2022-08-16T15:23:58.384Z,cc42fa18-6cee-4960-bd5d-6ab674050ff5,MDB,Brazil,br,351982408331236,GARIBALDI FILHO,Facebook
d20807db-503e-4683-a9d7-2698dbf5d44e,PASTOR EDÉSIO FERNANDES,2022-08-16T15:23:58.516Z,26ef385f-b504-4b2e-b6cf-227fa591c11f,SDB,Brazil,br,1816134438672596,PASTOR EDÉSIO FERNANDES,Facebook
27e14f90-d382-43c4-ade3-083966b471ac,DR. JOSENIR DETTONI,2022-08-16T15:23:58.636Z,47a76804-52f7-44ea-a4af-3af505ff4a16,OUT,Brazil,br,309160326153859,DR. JOSENIR DETTONI,Facebook
c5678a5f-b6cc-43fa-bd24-6e2c64868411,LUIS CARLOS HEINZE,2022-08-16T15:23:58.755Z,0ea040ae-8a65-480e-b10c-82f23d8dcf3f,SDB,Brazil,br,355458947869655,LUIS CARLOS HEINZE,Facebook
581952eb-66c0-4ac8-bde7-909ae18e1985,ANDREÁ LUCIANO CARVALHO,2022-08-16T15:23:59.193Z,85d49b25-f107-4687-b246-24eefc7e0f43,PT,Brazil,br,2185646981508742,ANDREÁ LUCIANO CARVALHO,Facebook
410fb0d1-822e-496f-acfe-3c6bd391a716,JACKSON BARRETO,2022-08-16T15:23:59.323Z,db663041-9b09-4056-8089-2158b31f158e,MDB,Brazil,br,297489867019788,JACKSON BARRETO,Facebook
fe0c27c1-fed3-4e07-9b28-bf67d30f0ad6,EDUARDO SUPLICY,2022-08-16T15:23:59.553Z,f6f2b1c2-0110-4e4a-a91a-03ce776f02f2,PT,Brazil,br,358937730879213,EDUARDO SUPLICY,Facebook
2b5584b7-36ee-4c2e-b08a-0cb1d4ba9c47,IRAJÁ ABREU,2022-08-16T15:23:59.681Z,cfbaa727-1cbe-42af-a995-911fe15a1d1d,SDB,Brazil,br,359491867555824,IRAJÁ ABREU,Facebook
4fc1de49-3831-48b8-b5c4-9afa03f3122b,GONZAGA,2022-08-16T15:23:53.529Z,f5acb975-990f-4e0a-b63a-93874527bbd0,OUT,Brazil,br,1669502680039041,GONZAGA,Facebook
97eb3a9f-8d39-4103-ac29-f21dc0d4627e,DAYSE OLIVEIRA,2022-08-16T15:23:54.724Z,74d8dc2a-1c3b-4922-960d-0ef42f831eb7,OUT,Brazil,br,247464988710715,DAYSE OLIVEIRA,Facebook
03d3ca7b-8215-47d6-bb93-dbdf2605f2ad,MARLI SCHAULE,2022-08-16T15:23:58.876Z,5791b26d-5dfc-4b09-a00a-dea1cc6d8221,OUT,Brazil,br,664766560339006,MARLI SCHAULE,Facebook
cad1edbf-3c1c-4462-8d47-c43705697885,Jair Bolsonaro,2022-08-16T15:23:51.766Z,84d5265f-27bd-45ce-ae1e-da22b335253d,PL,Brazil,br,211857482296579,Jair Bolsonaro,Facebook
376c6449-fd01-4045-b04c-b8f1b46294c3,Aldo Rebelo,2022-08-16T15:23:51.897Z,f6cc23e7-084f-4832-88c9-190e5964c118,OUT,Brazil,br,159871897429198,Aldo Rebelo,Facebook
3447344c-612e-406b-ab1a-87dfca4baa87,Marina Silva,2022-08-16T15:23:52.910Z,78796979-5bd3-4ba5-8069-3dc45eaa2d03,PP,Brazil,br,1741125149232441,Marina Silva,Facebook
61e4cf76-9d10-491e-bfe0-4badb3ce2b5f,Guilherme Boulos,2022-08-16T15:23:53.033Z,07efbce7-8f03-4a80-9871-81168a38d414,PP,Brazil,br,1018517224965495,Guilherme Boulos,Facebook
c7dbb86d-f5ec-4920-ae5f-febd6a0147ae,GLADSON CAMELI,2022-08-16T15:23:53.152Z,29766237-18a6-4fcf-9ea6-0dc9359dc4b8,SDB,Brazil,br,346692845385821,GLADSON CAMELI,Facebook
6299747c-0751-419b-aa24-d26db1590235,JOSE RONALDO,2022-08-16T15:23:53.395Z,be51e309-e813-49a2-bbd1-79e44fd27eaf,SDB,Brazil,br,356118424416195,JOSE RONALDO,Facebook
6cc959da-98e5-431f-9da9-2639c9bb6a75,MIKAELTON CARANTINO,2022-08-16T15:23:53.527Z,0a5eeb93-407f-4e56-9856-29eb68fe15bb,PT,Brazil,br,2214327995513884,MIKAELTON CARANTINO,Facebook
b1d655cd-ad55-42c7-92e3-5d2cd4a39531,RODRIGO ROLLEMBERG,2022-08-16T15:23:53.665Z,53147237-6f5d-4503-b72d-7ee27a17cd4c,OUT,Brazil,br,175651149274955,RODRIGO ROLLEMBERG,Facebook
bfaf3b29-c5d2-46a6-92ea-9cbd58d9be27,WESLEI GARCIA,2022-08-16T15:23:53.799Z,56976d64-dd3d-4b4a-958e-f65b6472de80,PP,Brazil,br,293275084165784,WESLEI GARCIA,Facebook
13ac5962-b82e-41b6-9f7a-b1d6c5c65bd3,ANTONIO ANASTASIA,2022-08-16T15:23:53.937Z,28875cf9-8e80-4f12-b39c-3fa8e9a5fbc4,SDB,Brazil,br,779987178702881,ANTONIO ANASTASIA,Facebook
08e65051-dcf2-4318-be71-c19595c05da4,JOAO ALFREDO,2022-08-16T15:23:54.068Z,3fbabebd-776a-4440-bdbe-7c27d72ae5fa,PP,Brazil,br,306912390063959,JOAO ALFREDO,Facebook
82a657d8-8e9f-4bb6-8c39-4fa1ac707153,FERNANDO CARNEIRO,2022-08-16T15:23:54.185Z,9e5fd319-d1d7-4896-ab20-b939563f801d,PP,Brazil,br,676118065842611,FERNANDO CARNEIRO,Facebook
972852fa-3877-4bd3-82be-9cab86a679dc,ARMANDO MONTEIRO,2022-08-16T15:23:54.280Z,a514e9c4-eb86-4641-9156-e5ed8983cf42,SDB,Brazil,br,197054863777543,ARMANDO MONTEIRO,Facebook
c4f1a25d-9755-4681-abdf-ab6c17d1b1bd,LUCIANO,2022-08-16T15:23:54.399Z,ae012947-3560-4469-b2d5-5e28783d57ef,SDB,Brazil,br,722425861154275,LUCIANO,Facebook
ef68a4eb-1f53-4c9c-9a41-542a1073d850,GEONISIO MARINHO,2022-08-16T15:23:54.523Z,9ee57fdc-ce84-4086-a36c-85afe48ae0c4,PL,Brazil,br,770933342992822,GEONISIO MARINHO,Facebook
2498513e-a8b9-4595-be40-4f6b680145c9,TARCÍSIO MOTTA,2022-08-16T15:23:54.646Z,191358dd-5e1b-4738-92b7-863eb37346c6,PP,Brazil,br,228384804002466,TARCÍSIO MOTTA,Facebook
cd66e38c-527c-4807-bc83-44d3b6774587,HERÓ BEZERRA,2022-08-16T15:23:54.766Z,26915cff-d54c-441f-8dff-c64e7ae5a014,PL,Brazil,br,288742851625085,HERÓ BEZERRA,Facebook
38ed3cbc-cc22-413b-9f3a-d411564fd092,VINICIUS MIGUEL,2022-08-16T15:23:54.891Z,f49c2f4f-16fa-4ddc-af7e-7cb9623917d3,PV,Brazil,br,239041020233735,VINICIUS MIGUEL,Facebook
a308dafe-6da5-4aaf-8a10-1ee20e125093,EDUARDO LEITE,2022-08-16T15:23:55.012Z,74ad8453-60d0-40d6-ba7f-993d783f0fa9,SDB,Brazil,br,529505470483078,EDUARDO LEITE,Facebook
0c6b7ba5-f3b5-4af1-99e3-4c7b823de962,ÂNGELO CASTRO,2022-08-16T15:23:55.167Z,96cfdbc3-516c-4c6a-a01c-aa6784ca0987,PT,Brazil,br,1988665414518800,ÂNGELO CASTRO,Facebook
50d3b1f6-fb28-4855-98c5-5a727bbea081,DR. EMERSON,2022-08-16T15:23:55.270Z,d2552f20-48ac-4926-8166-37bc57d52aa3,PV,Brazil,br,175958475941004,DR. EMERSON,Facebook
9790984e-0cdb-4a25-8433-01ebcd6d821e,LUIZ MARINHO,2022-08-16T15:23:55.401Z,f1629e09-3355-4d5d-bce4-1923c93bfaf4,PT,Brazil,br,429364167086359,LUIZ MARINHO,Facebook
fedf1614-74b9-4584-a3ae-bc071fcd397f,BENEDITO DE LIRA,2022-08-16T15:23:55.779Z,d1223cc4-59d5-462c-bab7-e9681cbbf6b8,SDB,Brazil,br,215225455193052,BENEDITO DE LIRA,Facebook
f0fa1ae2-3d71-43a6-bfa4-e52441df733a,BALA ROCHA,2022-08-16T15:23:56.072Z,0e492312-d03f-47f0-83f6-c04676752cac,SDB,Brazil,br,122076347896153,BALA ROCHA,Facebook
3c5cb966-43e1-4b85-b26f-3bfa553917d3,JUTAHY MAGALHAES JUNIOR,2022-08-16T15:23:56.201Z,d3f8f56f-1967-4c79-9a3e-dacd018aff3b,SDB,Brazil,br,221726544555063,JUTAHY MAGALHAES JUNIOR,Facebook
2db4f566-8e7e-4490-84e8-c33785e9e560,DRA. MAYRA,2022-08-16T15:23:56.329Z,bf6e38b2-6b9c-4fce-9196-53c503630efd,SDB,Brazil,br,1835916676435885,DRA. MAYRA,Facebook
03c6e5f4-d463-4eb9-898a-bf3dc874279d,PROFESSORA AMÁBILE,2022-08-16T15:23:56.469Z,490e4146-4c3b-4328-a34c-e94d68d3c93f,SDB,Brazil,br,228774144470079,PROFESSORA AMÁBILE,Facebook
bdbd6aa5-cdad-4ac5-a184-6bddf8a651cf,WASNY,2022-08-16T15:23:56.575Z,71306537-462c-4a63-8dbf-da9cb6285db9,PT,Brazil,br,390374047708572,WASNY,Facebook
e46a208d-0038-4907-8234-9aaa6ff02132,MAGNO MALTA,2022-08-16T15:23:56.671Z,a93bb6c2-02ce-46bb-bdc3-73ce475fcf78,SDB,Brazil,br,604028822974212,MAGNO MALTA,Facebook
0dec0277-caab-4cc7-bdbe-1709dd24366a,MARCONI PERILLO,2022-08-16T15:23:56.798Z,c26d841e-40fb-430c-aed3-636871653348,SDB,Brazil,br,162180507196280,MARCONI PERILLO,Facebook
3e7317ce-9ad6-4da0-82f9-637508dc0804,ZÉ REINALDO,2022-08-16T15:23:56.921Z,f2aa3c71-c558-4d6b-8444-100345685961,SDB,Brazil,br,1674896846107038,ZÉ REINALDO,Facebook
41a92225-5397-43a4-99b8-6884ce5a3480,PROFESSOR TULIO LOPES,2022-08-16T15:23:57.052Z,79cc5a87-5cd3-4d37-8e19-b037c84f16da,PP,Brazil,br,491727687591152,PROFESSOR TULIO LOPES,Facebook
96911848-cad4-4c6a-8a6f-19dea2465358,BETINI,2022-08-16T15:23:57.300Z,aa3aa707-3b2e-49f9-89d1-b983330b5de1,OUT,Brazil,br,139495490019626,BETINI,Facebook
5737bf53-2f82-444b-8005-42de26f815aa,SEBASTIÃO CARLOS,2022-08-16T15:23:57.421Z,d8fe946a-3a41-4f12-b838-ab9d374a8fb0,PV,Brazil,br,281507208687348,SEBASTIÃO CARLOS,Facebook
848e4b31-6808-4043-b4d7-4d1da763f041,URSULA VIDAL,2022-08-16T15:23:57.540Z,fad67b4d-a92f-4d91-af32-7a47d9479d64,PP,Brazil,br,278400662362838,URSULA VIDAL,Facebook
9c6713f8-c806-41b6-94fb-e5c93904b781,CÁSSIO CUNHA LIMA,2022-08-16T15:23:57.651Z,e3accdcb-3541-48f5-93e1-d10887301f5b,SDB,Brazil,br,260758727306325,CÁSSIO CUNHA LIMA,Facebook
0b5549f0-7903-4665-9514-825c127aed4f,ALBANISE,2022-08-16T15:23:57.769Z,545111b5-285f-42be-89c9-a6c4d33b44cb,PP,Brazil,br,1459404817631922,ALBANISE,Facebook
02767f71-ebda-4066-90bd-0183b5d139aa,JESUS RODRIGUES,2022-08-16T15:23:57.886Z,f052c4d2-e203-404e-943b-cd0bc121696d,PP,Brazil,br,566043400104474,JESUS RODRIGUES,Facebook
055de9fb-d419-49f5-847e-d33982765cea,RODRIGO TOMAZINI,2022-08-16T15:23:58.006Z,957c1200-0416-4efc-820d-ff435a978fdd,PP,Brazil,br,473070132799095,RODRIGO TOMAZINI,Facebook
e36ecde8-6889-4d59-afe5-30c51ed61fbf,ROSELAINE BARROSO FERREIRA,2022-08-16T15:23:58.115Z,e51e8c8f-2cb2-455f-99ea-83255d2f55cc,PATR,Brazil,br,513344059109517,ROSELAINE BARROSO FERREIRA,Facebook
84835a2f-152f-43e5-af1d-67377379ea1f,MATTOS NASCIMENTO,2022-08-16T15:23:58.230Z,41fe6f0f-c60d-43a0-9cc7-d46e1c855e4c,PL,Brazil,br,280255678669173,MATTOS NASCIMENTO,Facebook
86c78a89-3130-424b-8f9c-a5817e3f07db,JURANDIR MARINHO,2022-08-16T15:23:58.418Z,27e7e8db-b6b1-46db-ad91-b8f2a8c94b6b,PL,Brazil,br,1234720159937243,JURANDIR MARINHO,Facebook
64d433a5-d353-4ef2-8d9a-92273823155c,CONFUCIO MOURA,2022-08-16T15:23:58.525Z,d76712ac-ccb5-45f5-988c-d60b03af205c,MDB,Brazil,br,217874838224397,CONFUCIO MOURA,Facebook
3f87e0f4-9a4b-4f35-a938-cd098e86f253,DRA. SANDRA WEBER,2022-08-16T15:23:58.762Z,74c9f4f0-322e-4e9c-9466-fcad877b390a,SDB,Brazil,br,2655393634552794,DRA. SANDRA WEBER,Facebook
814e4675-b28b-424d-a10f-95ed3d12ef94,MACHADO,2022-08-16T15:23:58.898Z,5f063d58-a193-426a-bc06-b19b3bf5ee5c,OUT,Brazil,br,228201497871281,MACHADO,Facebook
a5919231-cbfd-4798-9909-23d60d6c2e2e,MIRIAM PROCHNOW,2022-08-16T15:23:59.195Z,f0b03e40-42c5-46c4-960d-3a1888962c4d,PV,Brazil,br,1299046846894520,MIRIAM PROCHNOW,Facebook
2d245718-cc10-4d92-96c7-8a9376ac0f83,REYNALDO NUNES,2022-08-16T15:23:59.333Z,0bf5a0dd-86f9-4fb1-8b7f-63a56e6bc742,PV,Brazil,br,293827844048234,REYNALDO NUNES,Facebook
c776bc11-f5ed-44e4-ba44-a21c92eaabe9,MARCELO BARBIERI,2022-08-16T15:23:59.463Z,3df681f1-b6e7-4a14-8017-fabb4510587d,MDB,Brazil,br,551166458669337,MARCELO BARBIERI,Facebook
5f3eaa49-0ab1-4972-910c-cb4b7a371720,PAULO MOURÃO,2022-08-16T15:23:59.706Z,481be001-32b9-4d43-8d67-0c0b5f703fde,PT,Brazil,br,1877959845813046,PAULO MOURÃO,Facebook
7a795f1b-d574-4d98-8e94-0eab8cb7fea8,CYRO CARGIA,2022-08-16T15:23:58.316Z,eb84ca62-6149-4d7a-9b00-3ef2fbc3be23,OUT,Brazil,br,234611959917256,CYRO CARGIA,Facebook
eb410a86-5869-4102-b44b-c888aba481fe,MANCHA,2022-08-16T15:23:59.570Z,ab74cf53-d496-495f-8a8b-798365b87ab5,OUT,Brazil,br,575882725925377,MANCHA,Facebook
e9f268b1-336e-4254-8ae9-74e4f0de7a8e,Valéria Monteiro,2022-08-16T15:23:51.782Z,a4c5f4f6-094e-44ff-900a-9b2427b0e4bc,OUT,Brazil,br,10213526013798473,Valéria Monteiro,Facebook
0cc59efb-131d-4c52-aa61-5347e41b8448,Marina Silva,2022-08-16T15:23:51.925Z,51c535a0-c9ee-4db5-aaf6-0c5e1cb9b8cd,PP,Brazil,br,126351747376464,Marina Silva,Facebook
63eb3e38-1778-4f69-97be-7e3b6946cb9f,Jair Bolsonaro,2022-08-16T15:23:52.848Z,d706d362-5b1e-4786-961a-359e783f371b,PL,Brazil,br,699172423565080,Jair Bolsonaro,Facebook
d9067424-b10c-482f-98a3-bbdf3aacf599,Fernando Collor,2022-08-16T15:23:52.989Z,083cf514-574a-428b-bec6-ed4f29d6b1c4,OUT,Brazil,br,1199812153396556,Fernando Collor,Facebook
69f49dea-dc60-4071-ac06-f89e653917f4,Vera Lúcia,2022-08-16T15:23:53.122Z,c5c6b6ba-af44-4b8d-8ef1-7bb71fe654fb,PP,Brazil,br,1214232652040287,Vera Lúcia,Facebook
e47cb3ea-fad3-42cc-84eb-0cca2f1e7695,Michel Temer,2022-08-16T15:23:51.643Z,9a336a37-4feb-41aa-a56e-cea9b3c58806,MDB,Brazil,br,435464776514810,Michel Temer,Facebook
3e39d146-d178-4985-a81e-6280fbbac8da,MELQUEZEDEQUE FARIAS,2022-08-16T15:23:53.259Z,62994306-ce26-4aff-8318-d58b2c7e34bb,PT,Brazil,br,255524551959665,MELQUEZEDEQUE FARIAS,Facebook
a2bacdc2-3126-461b-b8d4-e0ac9abd2efa,CIRILO,2022-08-16T15:23:53.392Z,debdef8f-f04c-436c-a2cb-519cb06d79bb,PL,Brazil,br,241761906381104,CIRILO,Facebook
b7883583-c119-48ad-a5f8-0f910aa3226d,HÉLIO GÓIS,2022-08-16T15:23:53.521Z,e8bea227-b3e6-42be-a6b0-682d8bcd76be,PL,Brazil,br,543073906107478,HÉLIO GÓIS,Facebook
5488c0dd-c59e-4a52-8b40-b043c607fc21,Vera Lúcia,2022-08-16T15:23:51.783Z,940c1a82-60cf-4422-b570-05ac1184d58c,PP,Brazil,br,214179238712305,Vera Lúcia,Facebook
203eb170-9e75-4e84-a9c7-3f17ef4e5e22,MIRAGAYA DO PT,2022-08-16T15:23:53.639Z,c45cdb1a-9a85-47d1-93a0-6d0c0f6fa35f,PT,Brazil,br,1645916452204764,MIRAGAYA DO PT,Facebook
d6b5e8b2-de67-408a-ba46-1496fea2e130,RONALDO CAIADO,2022-08-16T15:23:53.765Z,c1e89916-2626-4d0a-9aaf-06fad5b61bd6,SDB,Brazil,br,398434416879875,RONALDO CAIADO,Facebook
ad104080-8deb-4d3a-8973-395b2f69ca2b,MAURA JORGE,2022-08-16T15:23:53.891Z,55353208-7fd9-47e5-89cf-6927080b2220,PL,Brazil,br,382921948566918,MAURA JORGE,Facebook
1076b916-88aa-4f48-a47f-3082bb75d3fd,Rodrigo Maia,2022-08-16T15:23:52.940Z,987c357e-960a-4879-855a-b402d86d768e,MDB,Brazil,br,1032972920146324,Rodrigo Maia,Facebook
7d7d593e-ca9d-4dc1-a3c5-ae4badfa4330,MARCIO LACERDA,2022-08-16T15:23:54.020Z,c86e96c2-1373-402f-b349-249b4aaed83a,OUT,Brazil,br,480475492126118,MARCIO LACERDA,Facebook
0c4e0d64-344c-4aff-bb68-fa341ea34e30,Michel Temer,2022-08-16T15:23:53.068Z,0e85ecf9-7ec4-492e-bbd7-e84097d26e4e,MDB,Brazil,br,1606629119398364,Michel Temer,Facebook
16ba974e-7d0d-4bbb-8118-93e5ed9971f4,PEDRO TAQUES,2022-08-16T15:23:54.095Z,a2494f25-b58b-4a5c-a5c6-19203be09ca7,SDB,Brazil,br,193304677382130,PEDRO TAQUES,Facebook
c153a834-6b36-4e99-8053-6073257decd9,JOÃO,2022-08-16T15:23:54.280Z,ab8b01d9-a88c-4e9c-827f-c86e63b7cc88,OUT,Brazil,br,1500606083580137,JOÃO,Facebook
04422610-4be4-4f7c-8700-636d1e62b3b3,BASILE,2022-08-16T15:23:53.192Z,8c142ad9-874b-4fcf-8865-c8c92c626b3a,PP,Brazil,br,518957498439709,BASILE,Facebook
f519941a-4f31-42a6-a020-5c158e0d372f,DR. PESSOA (DR. ZEZIM),2022-08-16T15:23:54.401Z,48e181eb-56ff-4142-b984-20132acce9ae,SDB,Brazil,br,1405520253069893,DR. PESSOA (DR. ZEZIM),Facebook
8ab1e3e8-a3a4-4ef1-808a-4c939706ba9d,DR. ROSINHA,2022-08-16T15:23:54.525Z,a368dc84-82a3-4725-bf9d-456c0d7d241d,PT,Brazil,br,313558735338761,DR. ROSINHA,Facebook
f62f8e0e-456d-4fdf-b17e-22b69247dc89,DAVID ALMEIDA,2022-08-16T15:23:53.317Z,e1b06952-4dd2-4ff6-ab5b-11811a175d04,OUT,Brazil,br,1556821877934568,DAVID ALMEIDA,Facebook
d5a2b7a2-6c0b-46b6-82cd-7a8ef4e410fc,LUIZ EUGENIO,2022-08-16T15:23:54.701Z,e62c9c61-a055-48a8-a366-1124ed669d7a,PT,Brazil,br,260337331355067,LUIZ EUGENIO,Facebook
a4ee8b71-faa7-4995-9cf4-b0d5c8fff1dc,ANCHIETA,2022-08-16T15:23:54.945Z,f416e500-92a8-4c6f-8803-883dbadbf30c,SDB,Brazil,br,1441585262746228,ANCHIETA,Facebook
ccd7e03d-95a8-420d-b089-efe1d0fe447e,MATEUS BANDEIRA,2022-08-16T15:23:55.080Z,e70f4c85-54ee-4467-b6de-ba79f287edf3,PSB,Brazil,br,394135364322733,MATEUS BANDEIRA,Facebook
e5c5f408-21b6-4312-8e8c-0dc3b1107703,AILTON LOPES,2022-08-16T15:23:53.508Z,0429e26b-19cf-4533-ae51-85c0612e0152,PP,Brazil,br,428536163913462,AILTON LOPES,Facebook
01546a69-2d68-41a1-8dfe-3f13db725651,ELIANA PEDROSA,2022-08-16T15:23:53.641Z,03b0781b-0f69-41de-9584-3c5c4d4fde35,PT,Brazil,br,133261356321,ELIANA PEDROSA,Facebook
3d9969b7-6dbf-4a3b-99a3-fcea723ae1d9,MENDONÇA PRADO,2022-08-16T15:23:55.209Z,cdb19c64-f076-4691-a1d2-bd5ae27cf4be,SDB,Brazil,br,249252708491594,MENDONÇA PRADO,Facebook
47f5dacb-4e19-461d-bae9-445e8913f626,ZÉ ELITON,2022-08-16T15:23:53.771Z,0f22775f-1912-4e42-a5b2-446b64609733,SDB,Brazil,br,302363959836988,ZÉ ELITON,Facebook
bfdb622c-1575-4ea7-bcfc-035999ae0c64,JOÃO DORIA,2022-08-16T15:23:55.342Z,c2f19232-7f63-436c-ba12-76c777ae193e,SDB,Brazil,br,144112092312277,JOÃO DORIA,Facebook
9b8d5887-6633-4b93-8ae7-57c1eb9df684,MARCIO FRANÇA,2022-08-16T15:23:55.488Z,002432ea-c988-49d7-a3c3-2bf77ae9db85,OUT,Brazil,br,157790714263328,MARCIO FRANÇA,Facebook
55449044-1e42-4322-a25c-1e3a46c84ae7,MAURICIO QUINTELLA,2022-08-16T15:23:55.780Z,d4ffbbf6-dfb6-41b6-bddc-227786d618d2,SDB,Brazil,br,134516853295286,MAURICIO QUINTELLA,Facebook
6bfd21a1-f656-4fed-ab87-71e8fb82fc81,FLÁVIO DINO,2022-08-16T15:23:53.892Z,91559291-bb84-4d23-848e-22896c5ba55b,PT,Brazil,br,144764805684301,FLÁVIO DINO,Facebook
ab7b2f62-0969-4c4c-b01f-0cbd15984d00,PLINIO VALERIO,2022-08-16T15:23:55.927Z,1d614409-92dc-4190-b01d-6e4ea542f2e4,SDB,Brazil,br,953514998164299,PLINIO VALERIO,Facebook
370ec00d-2b81-49b1-8024-b4e97b77296b,GILVAM BORGES,2022-08-16T15:23:56.077Z,ed89b848-e897-4ed9-b771-18d5048fbec1,MDB,Brazil,br,517955565043216,GILVAM BORGES,Facebook
550f4bd6-6bc6-41c6-bb02-cd91dd3fbfd5,MARCIO MIRANDA,2022-08-16T15:23:54.155Z,f4cb4974-210b-46b3-9346-7dd33e2483c0,SDB,Brazil,br,436666126377826,MARCIO MIRANDA,Facebook
cf45a7b8-33ab-43a4-b632-c9503472670b,CELSINHO COTRIM,2022-08-16T15:23:56.210Z,1ff5dc65-f5b8-456e-840c-8780754e647f,PL,Brazil,br,298058320279102,CELSINHO COTRIM,Facebook
4de213e2-6738-489e-95a3-a0f563066b3c,DANI PORTELA,2022-08-16T15:23:54.319Z,2bd1bc43-2b36-4f56-8acc-0d1c1470843e,PP,Brazil,br,2033819370233023,DANI PORTELA,Facebook
fcfff58d-2649-4e59-b360-10b1ee290523,EUNÍCIO,2022-08-16T15:23:56.355Z,dc9dfe8b-098c-4e4a-8e2b-af5b8d96b823,MDB,Brazil,br,147474322001734,EUNÍCIO,Facebook
40dd21c9-0bbd-4f5a-b6ca-640a5ab664e9,FERNANDO MARQUES,2022-08-16T15:23:56.494Z,48666eaf-6c4d-4fd2-a6a6-f15c5e356a0a,SDB,Brazil,br,284730375645966,FERNANDO MARQUES,Facebook
99399dce-54b2-4555-8b75-b0f6d492e92a,FÁBIO SÉRVIO,2022-08-16T15:23:54.455Z,fc6ea4f4-2b24-4262-8350-3982162ec734,PL,Brazil,br,384113835279020,FÁBIO SÉRVIO,Facebook
47467c36-5b4b-43bf-8d5a-bcd4116bd5e9,JUIZ EVERARDO RIBEIRO,2022-08-16T15:23:56.636Z,a1d10495-8f90-41fc-bd36-76739dcfcaa1,OUT,Brazil,br,266254660770878,JUIZ EVERARDO RIBEIRO,Facebook
f189f721-c9b9-488d-8e25-db83f1b4c921,PROFESSOR JORGE BERNARDI,2022-08-16T15:23:54.585Z,de354e00-0f26-4a33-8245-e5b836e66f78,PV,Brazil,br,320633608027961,PROFESSOR JORGE BERNARDI,Facebook
1faa28ec-6378-4a08-aa79-13e2115b5a1e,ROGERIO BERNARDO,2022-08-16T15:23:56.773Z,7e6fc2c1-ee5d-4444-9a02-f939abfafa56,OUT,Brazil,br,2419359128082230,ROGERIO BERNARDO,Facebook
aeb470b8-4d1a-43c5-a5f5-d645f47dcc66,LÚCIA VÂNIA,2022-08-16T15:23:56.905Z,bc3cebad-6868-43ce-b75b-d256869bd621,OUT,Brazil,br,127980693947760,LÚCIA VÂNIA,Facebook
70626938-7085-4c18-9819-c9deb8624ff7,MARCIA TIBURI,2022-08-16T15:23:54.717Z,bf722e68-c6f8-482e-9f49-cf3103ca3a41,PT,Brazil,br,125357957575256,MARCIA TIBURI,Facebook
8c857631-f84f-464b-8fb1-24b98b72a1b6,RODRIGO PACHECO,2022-08-16T15:23:57.039Z,04987007-fd80-4f21-87d6-eeb7521b2acd,SDB,Brazil,br,486760188091704,RODRIGO PACHECO,Facebook
243e0f28-5829-4946-a318-49433da6fccc,SORAYA THRONICKE,2022-08-16T15:23:57.295Z,e76bc77d-3fea-46cb-b956-e5e674a279c9,PL,Brazil,br,1142941029175690,SORAYA THRONICKE,Facebook
19d6ae23-6307-4c11-9597-0013635b1ce3,TELMÁRIO MOTA,2022-08-16T15:23:54.967Z,252e5cf6-6cc9-4599-991f-3939405fa385,SDB,Brazil,br,261925857331811,TELMÁRIO MOTA,Facebook
40733488-6b1b-4e4f-90c9-cf6cfad51b23,JUIZA SELMA ARRUDA,2022-08-16T15:23:57.408Z,72f4d17a-ff68-4a23-83f3-2b7002188c5d,PL,Brazil,br,556444774742274,JUIZA SELMA ARRUDA,Facebook
7f15b1ea-4634-4034-9e6b-6083c706d916,WLAD,2022-08-16T15:23:57.533Z,6a6d7387-bcc8-4e20-8305-59c1036fa0fe,SDB,Brazil,br,211352862318932,WLAD,Facebook
9c08b6d6-f1e6-4495-9d1f-c093af4ce76d,BELIVALDO,2022-08-16T15:23:55.245Z,28983c7d-e846-449a-8642-e99b7bbd5bbb,SDB,Brazil,br,796904353812666,BELIVALDO,Facebook
9bb4e133-5f1a-4849-b4d9-650b437f8ccd,DANIELLA RIBEIRO,2022-08-16T15:23:57.648Z,9cb9e384-9d87-4de1-a0a1-334846cb3cdb,SDB,Brazil,br,119203011556937,DANIELLA RIBEIRO,Facebook
7fde2b29-be86-45ca-be81-a06e1ec07a96,JARBAS,2022-08-16T15:23:57.769Z,2973b6b5-3d76-48a0-98b9-ad2a2d616e9d,MDB,Brazil,br,244015588958951,JARBAS,Facebook
a8227901-515f-47c0-985f-b5a2a61f1027,MARCELO CASTRO,2022-08-16T15:23:57.888Z,96a45287-21f7-4b65-a8ad-1a659cd5ed85,MDB,Brazil,br,294607987354763,MARCELO CASTRO,Facebook
2c5b69c3-4e58-48c8-9bf4-6c3f3f91607b,PROFESSORA LISETE,2022-08-16T15:23:55.387Z,cda1892e-69e7-41aa-8d93-bbc0c3b665b9,PP,Brazil,br,786046884915450,PROFESSORA LISETE,Facebook
0b3fd971-d257-44bd-a815-1e5baa42cce1,BETO RICHA,2022-08-16T15:23:57.963Z,0e4a3072-7476-4c46-8b4f-817f6aa49d72,SDB,Brazil,br,272809098799,BETO RICHA,Facebook
42d2853c-f119-42a8-aa4a-105e75b8bc9e,MIRIAN GONÇALVES,2022-08-16T15:23:58.092Z,bf926131-f92f-410e-a818-882bb39122cb,PT,Brazil,br,377423722338702,MIRIAN GONÇALVES,Facebook
eaa6668b-fccc-4e3f-bc98-ded78cb3886d,ASPASIA,2022-08-16T15:23:58.196Z,66669051-a68a-4b9f-9fcc-e7189236a936,SDB,Brazil,br,110724822289336,ASPASIA,Facebook
b0aa890a-e301-4e02-b9a0-913e45365315,BERNADETE APARECIDA,2022-08-16T15:23:55.528Z,2e75f759-2547-4639-a123-9d2bccf887b1,PP,Brazil,br,2142731455942699,BERNADETE APARECIDA,Facebook
6794f169-e3df-42d2-aa08-aef044604191,MAGNÓLIA,2022-08-16T15:23:58.339Z,e51a1313-ac88-4906-a2ea-6875147b0d91,SDB,Brazil,br,327885704343153,MAGNÓLIA,Facebook
959a9fdb-c617-45d7-b106-81526aee895d,PETECÃO,2022-08-16T15:23:55.779Z,490b4c8d-f7e7-42a4-96ec-a23db48792ac,SDB,Brazil,br,245784392128312,PETECÃO,Facebook
6eb128a1-60b6-43ee-af14-ca9bd0311309,DR JOANILSON,2022-08-16T15:23:58.466Z,7f7b7cd2-6ace-4e36-8805-04835529b546,OUT,Brazil,br,373194889380868,DR JOANILSON,Facebook
6b0861d2-eda4-48be-9eaa-397323bbeb8e,FÁTIMA CLEIDE,2022-08-16T15:23:58.572Z,a86b1478-998f-437b-8717-e0ffa39e96d5,PT,Brazil,br,2110929542500479,FÁTIMA CLEIDE,Facebook
67ed7a58-aab5-44a1-b906-9884b0ddfdb9,FLAVIO MORENO,2022-08-16T15:23:55.912Z,c9e49cea-0c72-4dc7-8803-7df48879f8c8,PL,Brazil,br,303466369701270,FLAVIO MORENO,Facebook
096d795b-7d21-4719-8af2-de5a9d420335,TELMA TAUREPANG,2022-08-16T15:23:58.698Z,e7576262-1999-4d89-9c37-55142e1a86b0,PP,Brazil,br,182498232583302,TELMA TAUREPANG,Facebook
b7ecd5a3-a485-414f-8ab4-2865bae72eee,HELIO QUEIROZ,2022-08-16T15:23:56.431Z,6f91b30b-a7a6-45a7-a2f2-30ab18f63c14,SDB,Brazil,br,872750989581996,HELIO QUEIROZ,Facebook
85be02c4-39f7-491f-a0d9-351782c30438,CARMEN FLORES,2022-08-16T15:23:58.818Z,8be8c55e-606b-4060-96a3-01513ac138da,PL,Brazil,br,215288552453465,CARMEN FLORES,Facebook
c27d572f-9190-42eb-9bc2-8f9afe3255ac,CHICO LEITE,2022-08-16T15:23:56.576Z,cf9924fd-4e4d-48be-b60a-f4edf36a6367,PV,Brazil,br,772753932807992,CHICO LEITE,Facebook
21b387e9-6de7-4b41-ae45-9663ea9e689d,JORGINHO MELLO,2022-08-16T15:23:58.937Z,1994969d-2b2d-4a46-8d14-61c125793529,SDB,Brazil,br,425866030884565,JORGINHO MELLO,Facebook
fb4f414e-cea2-4ee7-8568-4d66a9606bc3,SUBTENENTE ASSIS,2022-08-16T15:23:56.695Z,c4b4c526-c7e5-480f-b237-9eeeb46269e3,PL,Brazil,br,582848241813114,SUBTENENTE ASSIS,Facebook
c9be1917-de27-4101-8ed9-ecd61e6e58ac,PAULO BAUER,2022-08-16T15:23:59.192Z,96cb2c1e-14af-406a-9c18-abc1643aa3a9,SDB,Brazil,br,219938924796414,PAULO BAUER,Facebook
5db8a54c-b301-432d-a2ee-2c9dd48bbfa8,MARA GABRILLI,2022-08-16T15:23:59.440Z,84b58a03-2c25-40a0-81ce-4f9ae90c99de,SDB,Brazil,br,215275598522355,MARA GABRILLI,Facebook
83171340-5df9-4207-8f09-d1a5481cabbf,AGENOR,2022-08-16T15:23:56.825Z,d8e4b732-547d-4407-af7a-5db265747435,MDB,Brazil,br,159472087733402,AGENOR,Facebook
06c8351a-1cc9-43ad-ad10-f3fffbf004a1,MOIRA LÁZARO MANDATO COLETIVO,2022-08-16T15:23:59.561Z,fb30e420-862f-4283-acf7-eb669de17b13,PV,Brazil,br,1793111644129625,MOIRA LÁZARO MANDATO COLETIVO,Facebook
0211c13b-0a23-4a9b-b4cb-d56cbb36eb37,FARLEI O FEDERAL,2022-08-16T15:23:59.698Z,1821c1fc-cf2a-49bc-96d8-f4ace8e61f18,PL,Brazil,br,1917893848502535,FARLEI O FEDERAL,Facebook
1a35d0ca-8cfd-4509-a399-b766e20976c8,EDISON LOBÃO,2022-08-16T15:23:56.953Z,7ebb3bdf-43ca-4c79-80a1-97af45b3e514,MDB,Brazil,br,1564075570518204,EDISON LOBÃO,Facebook
3aa16c78-d27a-42bb-9aa1-35725697f164,SIDNEY CABRAL,2022-08-16T15:23:53.317Z,48c89767-0405-4ad7-ab02-675ded7e9dcb,OUT,Brazil,br,291214568108865,SIDNEY CABRAL,Facebook
06a50b3b-3259-4927-b710-30e93e20cbcf,RODRIGO PAIVA,2022-08-16T15:23:57.163Z,68e89f7b-8714-4966-a55e-95650b94522d,PSB,Brazil,br,401556586942131,RODRIGO PAIVA,Facebook
afc88c91-122c-4852-9086-6083c27208b2,MARIO FONSECA,2022-08-16T15:23:57.292Z,7e9db846-e935-413f-b8b4-27d7a30a9e26,PT,Brazil,br,1415568972059846,MARIO FONSECA,Facebook
bf14ce20-f6a4-46c8-a8b1-3f5af904fe5f,PROFESSORA MARIA LUCIA,2022-08-16T15:23:57.410Z,d0e9194a-1d0b-41a9-8693-07ccd64031e5,PT,Brazil,br,1832680720130238,PROFESSORA MARIA LUCIA,Facebook
6e0d0da7-b964-4845-a7c2-39c069cccda1,JADER BARBALHO,2022-08-16T15:23:57.543Z,a5bf2641-1ce9-4e9d-ba66-4f3fac486c75,MDB,Brazil,br,133602516654912,JADER BARBALHO,Facebook
e2c60d49-64ef-4c5f-8d31-bd7abf358b48,LUIZ COUTO,2022-08-16T15:23:57.685Z,1395aa4e-c515-40c2-b74f-edcd5f362d7b,PT,Brazil,br,224680650989245,LUIZ COUTO,Facebook
a139275f-a9b2-47fc-8adb-c535ae868546,WILSON MARTINS,2022-08-16T15:23:57.935Z,7f90b0c0-6e2c-441c-92ba-93eb94f6374f,OUT,Brazil,br,1761102090864856,WILSON MARTINS,Facebook
22b1dd3a-f8dd-4d88-a090-42ad5a55aae8,ZÉ BONI,2022-08-16T15:23:58.062Z,01a38c39-02c5-441a-8ce8-0451472fcb9b,PL,Brazil,br,418208498549353,ZÉ BONI,Facebook
659c2bf0-c1ce-4277-a95c-89d1ab8aa5ca,SENADOR EDUARDO LOPES,2022-08-16T15:23:58.165Z,928fc852-9c16-4855-a425-7498c6fa8b12,SDB,Brazil,br,173791542755774,SENADOR EDUARDO LOPES,Facebook
9f948085-0275-4007-9c30-231c6e87e4a0,GERALDO MELO,2022-08-16T15:23:58.331Z,771bda7e-1950-4731-9478-7d7ba8446400,SDB,Brazil,br,1079390685559933,GERALDO MELO,Facebook
234bf5d2-70cc-4032-b698-62df1a3a4acf,CAPITÃO STYVENSON,2022-08-16T15:23:58.446Z,35ed49b0-bf98-457c-95bc-986060d101bb,PV,Brazil,br,729392980520143,CAPITÃO STYVENSON,Facebook
d90984ee-690c-4d01-b482-b2d9802409c5,ALUÍZIO VIDAL,2022-08-16T15:23:58.577Z,b3db1f50-0dcb-4275-808c-c3da6a0c7e8a,PV,Brazil,br,607469262951554,ALUÍZIO VIDAL,Facebook
a336fa3b-7396-44eb-89e3-9e15ff84059e,ROMERO JUCÁ,2022-08-16T15:23:58.702Z,016365e0-ee2f-423e-a5cd-6e1f0945b178,MDB,Brazil,br,353898054715969,ROMERO JUCÁ,Facebook
7fe8302a-877b-4bfe-89c3-55e521b039ae,ABGAIL PEREIRA,2022-08-16T15:23:58.836Z,e71586f5-af85-41b1-86e1-aea8c4721613,PT,Brazil,br,171065626428954,ABGAIL PEREIRA,Facebook
e213eaad-d4dc-450b-9b92-524cc8df67e3,IDELI SALVATTI,2022-08-16T15:23:59.193Z,6cc4e324-2850-461d-9a34-78486aed5d45,PT,Brazil,br,579736312372700,IDELI SALVATTI,Facebook
d4bbb6ef-8c8b-4f6b-bd52-db45345781e7,DELEGADO ALESSANDRO VIEIRA,2022-08-16T15:23:59.336Z,e70d3892-f541-48f5-8d1d-edbb124386ff,PV,Brazil,br,801126203398977,DELEGADO ALESSANDRO VIEIRA,Facebook
ae5198be-def4-4ea2-a5da-80a8cde03162,MAJOR OLIMPIO,2022-08-16T15:23:59.467Z,85cc8dd2-86b2-43f6-8e8b-e984088f6689,PL,Brazil,br,169733469856759,MAJOR OLIMPIO,Facebook
c0815b72-35a1-40de-9626-9f84d0ee6a0d,SIQUEIRA CAMPOS,2022-08-16T15:23:59.598Z,67844cdd-6d05-4e20-a369-d08bf819d1f0,SDB,Brazil,br,822607821209131,SIQUEIRA CAMPOS,Facebook
3f40fe5a-56b5-4023-985e-6618940fe5d9,JULIO FLORES,2022-08-16T15:23:55.112Z,0e69097e-cd1a-4d3d-a633-dd366928d149,OUT,Brazil,br,321100554719371,JULIO FLORES,Facebook
cf274c9f-f7b0-4f58-a769-fe3a0ab3a3e3,DRA. ELIANA FERREIRA,2022-08-16T15:23:59.592Z,cdf91b7e-84c2-4030-ae8c-6008f012bc77,OUT,Brazil,br,530216247398057,DRA. ELIANA FERREIRA,Facebook
884ccc08-37d8-4a8e-af0e-0fac6ebdb07d,TONINHO FERREIRA,2022-08-16T15:23:55.410Z,f4dd2bbd-f558-4580-9ac7-20dffcd17404,OUT,Brazil,br,393476264041546,TONINHO FERREIRA,Facebook
6a4667bf-2d4a-4ed8-981b-e45d5ac55224,JORDANO METALÚRGICO,2022-08-16T15:23:53.968Z,75a37608-d2d9-456b-acbd-c0434f9765ef,OUT,Brazil,br,708291899207749,JORDANO METALÚRGICO,Facebook
95395960-fa66-4ff6-a143-80a4e30ff160,SAMANTHA GUEDES,2022-08-16T15:23:58.286Z,9d507366-e9f9-46cb-93aa-a82fb02d2636,OUT,Brazil,br,550680305124453,SAMANTHA GUEDES,Facebook
69142fd6-479b-45c4-b557-3268506722fb,RICARDO LAUTERT,2022-08-16T15:23:59.194Z,84055ea3-6222-4960-9a93-cba90e45d8ed,OUT,Brazil,br,226148131398993,RICARDO LAUTERT,Facebook
00fa254b-eb5c-46a6-b513-8fd8dd9b38e0,RAMA DANTAS,2022-08-16T15:23:54.236Z,643f7b68-c6d0-44c8-9401-129d909735d1,OUT,Brazil,br,311358772358109,RAMA DANTAS,Facebook
47542645-1600-4628-b5c7-d6f5ba48b060,DÁRIO BARBOSA,2022-08-16T15:23:54.822Z,76208d05-114f-4b83-8bb2-a62ed8b212f7,OUT,Brazil,br,1458204751100737,DÁRIO BARBOSA,Facebook
fcb69f78-9267-4c56-8d91-2286fefa25fb,MDB Alterosa.,2023-04-02T10:54:51.165Z,393b4443-db98-4377-8949-b42875299d22,MDB,Brazil,br,112322468476144,MDB Alterosa.,Facebook
4c72bd16-ff57-462c-b6ed-4ec4f3ae4b84,MDB Mulher Nacional,2023-03-22T10:54:31.253Z,083bd968-e587-4764-8feb-ce5b3883b673,MDB,Brazil,br,285083994905681,MDB Mulher Nacional,Facebook
7c4bf21e-1fd0-413b-8b56-0a44706623da,MDBFair Flores da Cunha,2023-03-08T19:57:37.966Z,0e1db6d3-909f-4c46-822f-f323d6d5e409,MDB,Brazil,br,100856162911183,MDBFair Flores da Cunha,Facebook
75b50d0e-70ae-4a74-a6cc-7168a08ba038,MDB Santa Catarina,2023-03-08T10:54:51.436Z,f0569d5c-70db-4d6c-8135-101fc03e6acd,MDB,Brazil,br,139802366201747,MDB Santa Catarina,Facebook
041a23f5-88c4-43e6-98cc-a865de2c3468,MDB Mulher - Ribeirão Preto e Região,2023-03-19T10:54:40.976Z,8a33cf31-a3b3-4cd2-b1f1-d101f61e74d4,MDB,Brazil,br,161835964475146,MDB Mulher - Ribeirão Preto e Região,Facebook
f08d11d6-3cf9-4f1e-a75b-6b8a5a3a8b1b,MDB Nacional,2023-02-07T15:05:02.916Z,eabcdada-d775-476b-a4dc-3059cb9b69b6,MDB,Brazil,br,185875761943,MDB Nacional,Facebook
e0abf041-1dc8-4cc6-9d10-a9c02488f077,PSDB Piauí,2023-03-26T10:54:34.150Z,4b5234d2-eb53-4b23-9d52-f88f09335b8c,SDB,Brazil,br,234979916584543,PSDB Piauí,Facebook
7f3cf96a-fb54-458d-9c17-ef5781ea0267,PT - Partido dos Trabalhadores,2023-03-30T10:54:38.059Z,12797a54-27c4-4b24-89ee-988e643abb85,PT,Brazil,br,105821366170914,PT - Partido dos Trabalhadores,Facebook
